"name","area_8_1_15_S25_noOTA","area_8_2_15_S25_noOTA","area_8_3_15_S25_noOTA","area_8_1_15_S17_OTA","area_8_2_15_S17_OTA","area_8_3_15_S17_OTA"
"group","cB_noOTA_S25","cB_noOTA_S25","cB_noOTA_S25","cB_OTA_S17","cB_OTA_S17","cB_OTA_S17"
"(-)-alpha-Cedrene","764640.463546943","898184.800575677","752083.4730428","737449.428883697","881649.674339664","765691.225959968"
"(-)-Isopiperitenone","2250399.27956299","3143035.4947369","1931840.7495733","4685841.81482654","6194943.40169311","5892856.56903151"
"(-)-jasmonic acid","311227.134374302","791728.530968855","775224.035792625","295907.093816223","455283.324311917","420617.85163248"
"(-)-monascumic acid","363826.256338157","500922.342086307","310280.402678021","223338.178102684","282486.674542771","322619.260121087"
"(-)-trans-Carveol","1524751.240461","1965245.83001233","1376198.30112231","2452446.97707213","2314245.21048602","2755154.17089038"
"(+)-Bornane-2_5-dione","2116760.45814937","2513416.20747126","1751915.14769964","2601163.50276253","2882331.60994291","2118348.50323632"
"(+)-exo-5-Hydroxycamphor","994580.985273113","1386609.31880682","897340.055543496","1937646.48023458","2503260.1843936","2440286.04676602"
"(+/-)-6-Hydroxy-3-oxo-alpha-ionone","261542.539852002","529060.34520856","447993.334219916","335039.060095881","513081.86397119","444833.649605109"
"(1E)-5-hydroxy-1,7-diphenylhept-1-en-3-one","403532.805383612","663223.752952209","631515.761888945","336731.626562424","655819.457299016","524829.692037087"
"(2E,4E)-2-methyl-hexa-2,4-dienoic acid (2'R,3'S)-allo-isoleucinol amide","4985145.55006968","18779547.1898309","3537163.39615905","8693007.51344413","13534283.6990456","7919001.14483977"
"(2R,9R)-(+)-microdiplodiasone","115689.60832388","222982.940825108","183923.703265759","644212.293296571","886353.145643953","802313.464710842"
"(2R_3S)-2_3-Dimethylmalate","1173883.54163579","1407286.46590948","1576804.38078126","955389.739312668","1033558.20365185","966037.715668169"
"(2S)-2-{[1-(R)-Carboxyethyl]amino}pentanoate","4591453.83082086","7560665.29633881","6200459.88507604","1347500.27409944","2296630.26598421","2965983.04876205"
"(3R)-beta-Leucine","20627366.6998457","36300639.9250759","30105167.9825501","15634216.8106975","17542824.0878172","29111219.9852673"
"(4E)-2-Oxohexenoicacid","26876658.7472634","29441717.7545836","27152473.9840933","30253024.9245987","45015017.9278293","43692837.8339057"
"(5-Bromo-1,2,3-thiadiazol-4-yl)methanesulfonyl chloride","112232.474232012","136766.583547514","81452.7208601192","225915.806839291","174117.954491928","159328.299462904"
"(6RS,10RS)-6,10-dimethylbicyclo[4.4.0]dec-1-en-3-one","195936.807552625","221117.312485481","176861.944991764","154642.802038978","182057.597439248","173014.16885304"
"(7S_8S)-DiHODE","5012035.87878227","5134746.99999075","4778639.68033966","3797204.7962469","3950483.06709247","4735645.80455521"
"(9Z)-(13S)-12_13-Epoxyoctadeca-9_11-dienoicacid","17183749.9908892","26918410.5999514","19323090.1427835","27377067.1075851","28482938.4065997","27030247.4272542"
"(9Z)-Tetradecenoicacid","568600.743996278","561263.306947424","604277.569620964","694991.233358","1123736.12701871","1067701.6385214"
"(9Z_15Z)-(13S)-12_13-Epoxyoctadeca-9_11_15-trienoicacid","1800479.25765098","2254543.38594227","1610370.70184162","4879330.07734983","4749652.8276998","4408131.97794735"
"(E)-4-hydroxyphenylacetaldehydeoxime","811289.345556163","3595695.73180543","2531199.78921888","3942091.00946667","6148023.93361909","4402997.60777408"
"(R)-2-Hydroxyglutarate","57760088.8011306","52407483.5024888","61935044.9804318","55215428.4165213","55148190.3089592","56042946.6160345"
"(R)-2_3-Dihydroxy-3-methylpentanoate","721678.550118141","559102.393844168","654489.094149106","1207008.85160403","949153.174541472","769252.619442917"
"(R)-4-Dehydropantoate","5313550.92868781","4964651.0578535","5449725.62225356","12180172.0830242","16222599.6233085","16162810.4152758"
"(R)-Malate","216018.097898857","199257.279674772","120983.071465267","671113.888480725","498620.34464937","526503.324743562"
"(R_R)-Tartaricacid","1405376.31912845","996256.840715114","1379721.86971904","959824.698399902","1597652.15089233","1637448.19351512"
"(S)-Malic acid-1-O-beta-D-glucopyranoside","19036542.1869945","19641810.0963057","18605783.0063939","18481648.4521204","19282613.9943811","18896370.6504043"
"(S,S)-Anacine","16690330.3971603","23017332.0423191","17309422.5993151","61113641.4018163","85535361.2177657","81834005.6778559"
"[FA(18:0)]12R_13S-epoxy-9Z-octadecenoicacid","10596515.7055289","12206007.5189991","10030463.4098764","9961782.65203407","13352441.2316637","12312688.7898071"
"[FA(18:1)]9Z-Octadecen-12-ynoicacid","33242947.4354621","44452308.3479076","35026887.9528375","41720266.9049168","48736271.1284189","46634960.5734348"
"[FA(18:2)]9Z_11E-octadecadienoicacid","11229286.0594498","12037272.447113","9554880.75795611","8712463.73556118","13952661.346497","12959799.2596854"
"[FA(18:3)]13S-hydroperoxy-9Z_11E_14Z-octadecatrienoicacid","747816.943300915","1097381.30111333","980238.76915918","1830282.4800113","1898118.32369611","1657224.52723376"
"[FA(18:4)]6Z_9Z_12Z_15Z-octadecatetraenoicacid","19281432.3837799","25422844.4258554","16637667.1804613","26624152.1536929","25586270.0689204","22001747.3469195"
"[FAhydroxy(18:0)]12_13-dihydroxy-9Z-octadecenoicacid","2711530.63864781","2091654.0319182","1566137.46907713","4180275.74659046","5380264.3681867","4962052.83850197"
"[FAtrihydroxy(18:0)]9_10_13-trihydroxy-11-octadecenoicacid","1831904.97208281","1881239.47047656","1221118.51698541","606404.919194968","689482.679308738","571498.44860443"
"[STtrihydrox]3alpha_11beta_21-5alpha-trihydroxy-pregnane-20-one","697516.86316799","546017.247921518","329633.702429975","1954911.8215237","1324251.84629474","926586.943328934"
"1-(4-Hydroxyphenyl)-2-aminoethanol","2133764.59188443","3804208.74590483","1647508.55644635","851360.331012143","1043207.75678332","711331.609095282"
"1-(Dimethylsilyl)-1H-pyrrole","752832322.707653","746260847.640459","755236881.164259","720106397.201892","737119305.233662","735228674.515034"
"1-[(7S,11R,12R,13R)-9-Acetyl-12,13-dihydroxy-7-isobutyl-11-methoxy-1-oxa-6,9-diazacyclotetradecan-6-yl]-2-(1,3-dihydro-2H-isoindol-2-yl)ethanone","3443515.60567956","1108397.71400114","770847.177002456","3804033.64598354","3632923.95303959","3160559.58400439"
"1-{5-[(4-methoxyphenyl)carbamoyl]-1,3,4-thiadiazole-2-carbonyl}piperidine-3-carboxylic acid","1137921.87903556","1231765.02557975","1245178.31016091","1220752.73319423","1168722.84506459","1138627.82289091"
"1-Cyclooctyl-4-phenyl-1-butanone","425462.899535018","633868.196823478","417561.489990251","560924.281101718","476326.991670528","435635.484550129"
"1-deoxynojirimycin","1438398.66748816","1403902.79139804","1134348.97334147","2757169.21672616","2556830.65664185","2633013.59352645"
"1-Methylpyrrolinium","638013.491241498","1217890.03529286","918218.689413165","354744.58779781","335315.287318301","784269.059056904"
"1-O-Tetradecanoyl-D-glucitol","910974.672357796","924488.240674698","722444.4938346","681014.562136222","891522.509301881","781311.097378446"
"1-palmitoylglycerol;MAG(16:0)","2100734.49070367","2634252.70773505","1672521.45318725","675414.40577615","1770546.3531415","1552651.33459188"
"1(2H)-Isoquinolinone","584613.625942994","5178047.94508427","3445365.10493584","802329.117636812","1334137.2210012","1050537.77197012"
"1,1'-(1,4-Phenylene)bis{3-[2-(dimethylamino)ethyl]urea}","2134240.91114957","2006288.95535747","1878992.01360385","1883553.26290959","2132501.13098393","1927439.05376147"
"1,3,5-Heptatriene","3804737.88777514","4136273.51987789","2172280.95578784","6000786.2351163","4999982.52082853","4654896.03850346"
"1,3,6-Octatriene","56483285.3332912","62098904.6879038","63621397.4840593","71727772.3162224","61624673.4723749","66332544.2963469"
"1_2_4-Trimethylbenzene","2423657.35553599","2890107.44696409","1959012.72830078","2425844.50927032","2646035.79269564","2111241.58747913"
"1_5-Anhydro-D-mannitol","513462.114374505","1013892.56087142","613755.64043661","781182.132606046","597976.785043463","668143.075764442"
"1_6_6-Trimethyl-2_7-dioxabicyclo[3.2.2]nonan-3-one","2302053.25046634","2655560.81075492","1797848.25342073","2558211.88644974","2446868.22386892","2259784.60237251"
"10-hydroxydecanoicacid","84111.2952340548","121162.108194915","81012.3178027694","183287.653757548","177386.143602178","219581.192677927"
"10-Methyldodecan-4-olide","600558.177777673","667553.540699855","522283.805942141","1288583.34208523","1395699.76811957","1283857.20943946"
"10_16-Dihydroxyhexadecanoicacid","207549.130227834","152527.224470775","97950.1083562934","511170.060951329","646648.7214793","496044.83120294"
"11-cis-Retinol","146833.453916207","177936.17292178","141941.056446893","263300.554334964","308375.368782999","294502.516657571"
"13-Decyl-1,4,7,10-tetraoxa-13-azacyclopentadecane","474513.041986117","501266.078604513","459713.465648429","387322.016055009","437491.383490082","420473.416257054"
"15,16-Diisopropyl-3,6,7,10,13,14-hexamethylpentacyclo[10.2.1.1~5,8~.0~2,11~.0~4,9~]hexadeca-2(11),3,6,9,13-pentaene","247984.050072433","421372.056048595","384485.153173628","119236.067404565","207088.979069261","265533.203987227"
"16-Heptadecynoic acid","115006.567280234","138909.334654104","121752.233138345","132228.32337114","169800.833958164","160398.163593857"
"16-Methoxy-16-oxohexadecanoic acid","1787950.60239148","2660539.56374582","2095682.59356751","2234233.03745928","2850382.41793124","2989134.55243911"
"17a-Estradiol","1025910.75420741","1100625.93130746","420771.003373174","1639145.69857643","1006771.32809887","772671.893670716"
"18S-hydroxyneodihydroprotolichesterinic acid","325603.249584296","182227.770939317","126139.21825623","185635.427981566","193683.933898982","143925.371411886"
"2'-Deoxyinosine","1147177.75834549","1654759.95966649","1422036.07192256","5708713.96861661","7158408.66460062","6642221.96795124"
"2-(2,4-Dimethoxyphenyl)-N-(4-{[(4-methylphenyl)sulfonyl]amino}phenyl)-4-quinolinecarboxamide","764842.097216643","808452.441138703","820440.743109432","836868.303276025","806259.546026675","785859.311918043"
"2-(3'-methylthio)propylmalate","68014993.8262361","68131435.6519442","70034105.9343607","65076349.6202463","66532645.8257987","65746958.6752807"
"2-(4-Methyl-4H-1,2,4-triazol-3-yl)ethanamine","313338.890635448","452359.225699517","335110.018166043","215829.779881302","205559.645498171","195386.114071042"
"2-(Formamido)-N1-(5-phospho-D-ribosyl)acetamidine","279151.748130823","386499.832942112","389824.468344314","193467.829367122","341439.353364773","321836.92210459"
"2-(Hydrazinocarbothioyl)hydrazinecarboxamide","3254814.48807734","3391712.18446199","4883418.19766152","3248517.53111042","3412389.97117099","4638749.48267466"
"2-(morpholinomethyl)-4-(2-phenyldiaz-1-enyl)phenol","125704.70711094","165660.457711423","137934.896392713","494592.762154246","697584.271411367","694859.741522424"
"2-[(1E)-1,3-Butadien-1-yl]-1H-pyrrole","2496738.03153619","3023803.01601736","2700299.96129964","1262141.64546041","1452856.69578188","2689076.12269812"
"2-[(DIOCTYLCARBAMOYL)METHOXY]ACETIC ACID","569383.023030291","763551.388280707","517992.796149021","571051.238826369","581785.192703104","537621.659662634"
"2-[2-formyl-5-(methoxymethyl)-1H-pyrrol-1-yl]acetic acid","566824.69284867","3060380.33565821","2357902.78492121","389865.866911272","500916.714663213","599728.83885477"
"2-{[4-(Cyclohexylamino)-1-methyl-1H-pyrazolo[3,4-d]pyrimidin-6-yl](ethyl)amino}ethanol","252488.876276797","519613.816355397","286491.774222626","2480587.62363089","2528814.0149302","2615677.4033615"
"2-{1-[(TERT-BUTOXY)CARBONYL]AZETIDIN-3-YL}PROPANEDIOIC ACID","160125.344019461","218399.038334127","168017.987932253","255620.351353587","258955.65944593","261095.692791585"
"2-Hydroxy-3-oxopropanoate","427817.150803565","587540.159132838","491793.440817461","1075056.02989422","1185980.74374851","1191723.81940083"
"2-Methyl-2-propanyl 4-[(4-{[3-(dimethylamino)-2,2-dimethylpropyl]carbamoyl}-1-piperidinyl)carbonyl]-1-piperidinecarboxylate","1253596.56716579","1196254.71286799","1160924.89561922","658390.658955088","658648.845111312","608208.19835262"
"2-Oxo-delta3-4_5_5-trimethylcyclopentenylacetate","2058714.43323815","2456698.62681174","1333896.5871424","4562525.07158051","3520116.73534367","3315528.96954302"
"2-Oxooctadecanoicacid","935535.239626339","928739.160521734","816004.388831703","686504.343154029","1012481.11938777","1010162.40062929"
"2-Oxovalericacid","334570.930670009","363881.213960087","322358.387351342","12910004.9881399","19090426.8615913","18158546.0042265"
"2-Phenylpropan-2-ol","3685287.31031875","4272942.19069798","2414749.56441455","7751825.75327524","6059255.89716519","5628398.76950607"
"2-tert-Butoxycarbonylamino-6-formylamino-hexanoic acid","1624095.82573819","3262477.57478089","2860288.08050558","722462.784061166","1416959.12015386","1691226.02445281"
"2,2-Dinitro-1-propanol","223369.63237622","307713.276669344","821593.350541266","649272.38564623","600628.798654573","3477769.31252864"
"2,3-Dibromothianaphthene","332269.55365008","652603.517840398","337739.758508376","573888.039779833","510449.278841744","474088.016730263"
"2,3-Dinor-11β-prostaglandin F2α","1001129.7747934","1188069.48449553","483334.32225207","1518024.36361727","1010738.02987184","840766.88285499"
"2,6,10-trimethyldodeca-2,6,10-triene","71393.0955665017","92806.5104896674","80908.3547014339","87808.5489285029","112578.858994916","103260.585908078"
"2_2'-Iminodipropanoate","31007031.3744246","45916290.4844282","57446133.5866643","5317044.89464014","11348762.4271184","10534274.3636793"
"2_5-Dihydroxybenzaldehyde","1001741.69971508","2667013.8318664","3560795.42125566","760343.352439387","1239209.39240715","1338844.42000241"
"2E_6E-farnesol","79101.6930846724","98729.5708470714","80240.9980271375","89243.4525491262","101468.733070426","92725.5072971427"
"3-(1-Boc-4-piperidyl)-1-propanol","3257626.75315227","8774064.87616845","2469802.23853932","5927433.86313412","8721896.04106697","6503779.49074629"
"3-(2-CHLOROETHYL)-2,4(1H,3H)-QUINAZOLINEDIONE","1656699.40756193","1690630.1876905","1807761.36401471","1300477.80686189","1328334.57041854","1383165.87215147"
"3-[(3-Hydroxydecanoyl)oxy]decanoic acid","112126.773500021","157291.892231155","129512.318070761","112007.909879958","141157.105317417","111288.911161142"
"3-[(5-Amino-6-chloro-4-pyrimidinyl)amino]-2-nonanol","29280086.0485097","30692575.1386584","22601955.7927432","31419349.3801625","37568565.9212304","35701738.0311427"
"3-amino-4,5,6-trihydroxy-2-methoxy-5-methyl-2-cyclohexen-1-one","8756121.61142715","20481654.7470381","16533522.8803924","14912528.1866999","15854268.2978739","17966941.3971565"
"3-Amino-N-(3,4-dimethoxybenzyl)-6-methyl-4-(trifluoromethyl)-5,6,7,8-tetrahydrothieno[2,3-b]quinoline-2-carboxamide","873929.776515755","983707.079193019","958003.613553612","901296.957748177","289652.341156113","951528.964884596"
"3-Dehydrocarnitine","1657997.21614634","1793992.45411317","1457376.35221534","6621171.688219","5389634.89960538","5420032.49285581"
"3-Dehydroxycarnitine","7214105.37832185","8201423.72539184","6255905.44372757","6737353.30563217","6860327.92588219","7017564.28848213"
"3-Ethyl-o-xylene","1013376.03145931","1372386.3407172","955023.834943542","1936416.23996343","1870124.59386555","1942495.46873755"
"3-hydroxy-1H-quinolin-4-one","1148427.88043575","4335109.69501073","3386325.96625694","1487982.72479925","1836165.53598524","2062737.01552357"
"3-hydroxy-2-methyl-1H-quinolin-4-one","434546.731221291","2095825.96839507","1678567.78578461","537456.423293083","664635.424896224","647250.530349992"
"3-Hydroxy-2-methyl-4-pyrone","5600558.33461333","8027570.26941795","6706579.80983386","5930474.46962224","7298033.47080439","7202529.26749692"
"3-hydroxy-N-(1-hydroxy-3-methylpentan-2-yl)-5-oxohexanamide","1190365.52203069","1232434.22662184","1350511.70691747","1137699.65348673","1297740.27290714","900696.903869384"
"3-Hydroxyaminophenol","617102.26388447","783747.885542039","711676.53178255","745458.692433094","817837.098221378","660347.443922793"
"3-Hydroxycyclohexanone","1499405.72281708","1691235.27972304","1869147.44695909","1699076.78618016","1576753.58345904","1899117.06269484"
"3-Methoxy prostaglandin F1α","153407.095600422","120179.273341825","88521.7948791602","245992.044860566","213079.847501488","148902.845470117"
"3-Methyl-1-(2_4_6-trihydroxyphenyl)butan-1-one","632943.829249434","901357.55774218","746597.10013788","347663.135316964","586482.029381787","577029.970738817"
"3,5-Difluoro-4-(tributylstannyl)pyridine","574305.384585969","607540.515922894","595019.838616848","609551.432617185","548087.864117544","547614.198586053"
"3_6-Nonadienal","929275.186296671","1363261.93375686","1335705.11588587","1001812.07930642","1185545.10000065","1294692.66390875"
"4-(4-fluorophenyl)-2-(4-hydroxyphenyl)-5-(4-pyridyl)imidazole","3061569.1068781","3158016.32294187","3170865.4714778","3034772.64067012","2949590.76648451","3016976.35744393"
"4-[(E)-(4-Aminophenyl)diazenyl]-2-chlorophenol","472781.918209179","490780.825891737","491062.621185868","452897.779003959","452831.242242811","490216.002402974"
"4-Amino-2-[bis(2-methoxyethyl)amino]butanoic acid","5259018.69990317","4482374.58403289","3014831.84761334","5165442.22257996","4412694.82095397","5386060.74885197"
"4-Cyanotetrafluoropyridine","470496.104662824","1018179.39074714","1465497.65885003","2383461.25460327","2046085.76653795","5923583.43265726"
"4-Guanidinobutanoate","310351.754973757","463484.712887627","630840.157347705","147339.47587981","237077.414638813","62590.1164659781"
"4-Heptyloxyaniline","371268.721275682","1838373.53130167","233726.078011211","921274.75909017","1451553.15138739","702720.451152141"
"4-Isobutyryl-N-(2-isopropyltetrahydro-2H-pyran-4-yl)-1,4-diazepane-1-carboxamide","4125958.18053033","4224608.00609974","4634788.22452857","4088328.6580999","4339051.95621469","4198455.06230106"
"4-Nonanoylmorpholine","1352023.85425471","6784822.9085226","1031152.966697","2381123.06684754","3950858.60521794","1775077.62329726"
"4-O-methylmelleolide","13786776.8424901","19253809.642635","16400011.4898942","4771187.40952782","3795861.4705508","3766594.22721835"
"4-Oxocyclohexanecarboxylate","176647.516632337","236501.569582179","202067.413797971","212797.214513041","267163.351686897","265203.167936653"
"4,10-dihydroxy-10-methyl-dodecan-4-olide","306703.253341619","354263.938324025","272172.390729395","578714.461742841","684467.271885978","733397.256855908"
"5-hydroxymethylfurfural","3398228.42441352","6333413.40262985","8563980.72454276","455241.409052957","979445.549133319","948139.783246055"
"5-hydroxynorvaline","2043898.30638184","3174120.98192916","2661401.18733735","1866355.23480417","2165527.91187239","2319179.53397766"
"5,7-Dihydroxy-3-(4-methoxyphenyl)-6,8-bis[(4-methyl-1-piperazinyl)methyl]-4H-chromen-4-one","1670258.9701899","1247090.41247466","1291692.85109657","1642318.86723476","1547644.0796663","1567691.33466181"
"5,8,11,14-Tetraoxa-2-azaheptadecan-17-oic acid","339090.57552685","484744.945512365","527789.828949158","320977.922124289","391216.370569417","369625.473284571"
"6-formylsalicylic acid","311365.35259293","338656.899621178","278115.706943879","514401.515929938","591743.44491393","610907.077285285"
"6-heptyl-2H-pyran-2-one","281250.997620031","317182.705682584","169623.667024027","464168.079505192","446825.175447161","491858.17345636"
"6,7-DIETHYL-1,1,4,4-TETRAMETHYLTETRALINE","458407.026655373","372963.538278854","263224.407099054","339154.153859765","388844.345601563","305092.902229706"
"8'-Hydroxyabscisate","177871.833483989","313077.011474659","204598.783286434","236920.751042516","178049.121455387","196088.741240284"
"8-{[2-(Diethylamino)ethyl]amino}-3-methyl-7-(2-methyl-2-propen-1-yl)-3,7-dihydro-1H-purine-2,6-dione","975865.785161947","1434781.89523531","751598.879900825","723958.367136618","726714.89414526","684400.522032362"
"8-amino-6-tert-butyl[1,2,4]triazolo[4,3-b][1,2,4]triazin-7(8H)-one","711350.452072789","939480.487705628","618982.315353229","978296.935418293","1127455.25141247","1079927.93359398"
"9-Fluorobenzo[h][1,6]naphthyridine-5-carbonitrile","7338765.04614169","7402614.97894009","7488305.80461994","7108488.28303078","7060801.02637681","7161572.75829078"
"Acetonecyanohydrin","1177609.3052325","1347755.0624715","1065222.58239605","909743.742128638","982975.071799582","1080305.81870579"
"Acetyl-L-carnitine","48234892.1525883","55639344.7360276","50708012.6312625","56999407.9463152","69677912.5857064","74163714.4505398"
"Acetyl hexamethyl tetralin","772684.641964413","1024438.57131464","519848.056428167","2382381.76310439","2045158.05642787","1579964.93993894"
"Adenosine","1133032.42671433","1116348.69283201","1072488.8003389","460780.244224557","575820.898764085","434981.09457147"
"Aflatoxin b2","841424.366101389","1095356.86474018","776997.999427225","6418866.58173297","6771804.8014518","3429553.71651035"
"Ala-Pro(Alanyl-Proline)","909669.200885545","1478190.63856829","1046633.75659614","474535.488404591","663478.357222849","869004.053884432"
"Aleuritic Acid","335038.342369506","355186.94337373","253778.800705676","860196.253859325","1029628.98221547","784645.461213127"
"Alkyldihydropyrone B","212989.506766529","271791.551647405","140458.437533239","438736.766178775","342028.594557056","249201.935563466"
"Allahabadolactone A","844949.998251202","961022.116364108","371716.603044109","1847795.5443611","1257458.68370097","1042144.4748594"
"allopurinol","65588259.7555773","117852023.679173","101841097.616314","5388850.41222702","6908810.86452497","9113796.26537441"
"AminoDHQ","754812.613303446","779265.533105073","964051.085565621","298717.175615408","283849.116708754","282327.190204863"
"Antrodin D","327389.937969005","333133.431486511","274997.870807148","1058918.70388206","1442791.12860702","1306217.12840411"
"Benzoxazole","1057295.36047195","1058639.28430335","925772.890685444","533472.437233081","1134558.16691272","530683.389913992"
"Besarhanamide B","703798.413409946","461820.183098357","394604.629472205","692751.251273555","653270.118051637","503965.814624173"
"Beta-Alanine","2081948.15950573","2480874.58647394","2826449.43246108","1780883.5108092","2173294.32022858","2004266.62834786"
"Betaine","495772280.445281","494336939.389319","392219385.020805","486280835.648001","424063663.69774","423887780.072766"
"BOC-HYP-OH","152163.149315199","205907.83011026","183193.945743796","398293.299334741","458262.498327728","460802.878250897"
"Butylbutyrate","2103380.64369756","2264391.56111731","2479781.02832873","2641466.20787881","2166933.49460853","2526358.72391085"
"Butyryl-L-carnitine","3138435.561656","3886031.78937162","3955939.76120367","2632806.59932054","3058058.69755247","2709695.0324647"
"C10H11N3OP2","455789.332607541","512355.81370119","489916.187489499","533119.176760667","488010.867927368","501633.645817249"
"C12H24ClN4O5P","176991.307179268","187571.178451607","174289.327696745","179551.290539033","173074.979449793","167845.067905707"
"C12H27N4OP","138161.778440155","163361.123501971","116493.879267334","172694.954316138","213461.451707131","177262.182053982"
"C12H27N4P","122933.934679799","161107.020566869","110688.604646837","392191.051189549","429888.127398008","326129.575377684"
"C12H29N4P","354671.959786601","430242.580738262","394907.658639642","109482.572345646","153334.471495136","125455.186626269"
"C14-Carnitine","1219574.85264898","1007886.00688579","761066.079447921","962914.865173449","1088409.20451203","876467.755091422"
"C14H32ClN3OP2S","72418.2524742024","76343.2567316688","75676.0128172776","67934.7371355956","69098.6516362041","62710.6258631059"
"C15H30N2O7","457420.249609878","578758.740886149","306232.899034495","1442291.1148599","1389829.30383518","1104042.60514745"
"C15H35P3","355006.547748476","398103.518988166","254410.18900277","596824.677408739","544703.893805773","400297.393888529"
"C15H37N4O3P","601873.00980228","424541.86190973","319557.99921714","234513.688882555","248496.192938561","179841.62220582"
"C17H35P3","661802.792810787","846577.061455995","506157.29326694","342849.47774259","272426.708529591","249488.444548342"
"C17H37P3","2144380.05004693","2855947.87626641","2248743.64815902","2037209.23597194","1889855.635901","1520819.0448834"
"C18H37NO5","304913.765488525","535576.895653393","476687.635709344","61123.8205766324","358062.414789287","376059.919722198"
"C21H41N4O10P","81830.3866396369","63506.7683107368","95051.8769239867","158121.290929731","123405.793372509","121087.096506365"
"C24H46N4O18P2","139597.323142314","131462.214755973","138066.317825996","85423.7322108362","145582.687979494","119773.74397921"
"C24H56N9O4P","245560.99259376","242411.371162878","244647.283969913","246269.361902562","252461.36111972","238226.754832813"
"C2H8N9P","2787137.10394314","2100394.74984547","2054730.97683114","3380048.69827017","2389781.23346194","1929197.95488321"
"C3H11N8PS","2658662.04945947","2793537.25237848","2794413.82825432","2569488.56108825","2727225.03778676","2601127.74538544"
"C4H9N5O6","1389239.29915672","1369589.19824201","1463035.14505359","2838657.52362782","2752684.75594047","2701602.79756489"
"C4H9N8O5P","2705078.86738167","2714471.41348267","2736442.08054198","2066055.10710577","2133741.65382602","2090902.26255555"
"C5H18N6O13","440658.565338575","515975.176541382","469527.18343726","460282.365735661","452122.88327277","451562.05636582"
"C6H15NO6","952956.280006948","4025976.19150177","5445457.07261706","470130.746360112","843126.451203123","783245.858970349"
"C6H16N6O4P2","3001911.7600088","2997374.18771211","3070552.33249488","2889046.18580179","3019130.79114525","2899569.70496985"
"C6H21N7O5P2","424288.707043579","390694.809606682","408711.98611371","385078.188685374","388686.13414633","390344.096351513"
"C7H13N2O7P","325073.235073566","647704.533003421","895535.870397449","728382.997245823","844645.114431828","1266799.07594559"
"C7H22N9O6P","503585.175105145","573366.494448546","525215.562179623","427570.530058738","454400.289025989","455833.759840049"
"C8H14N10S2","4472305.46773171","4538196.70209894","4731244.79398559","3946799.65585444","3984241.9472082","4086826.36032977"
"C9H7N2O2P","545528.445766419","548567.963982493","552025.731715027","517590.064809449","470409.727642412","531351.568979467"
"CH3NO5","627273.70821189","869515.75649889","2378541.79485391","1907864.31607032","1703095.82968487","10394670.6373427"
"Chaetomellic acid B","4078595.26406351","2635497.46428521","2133406.57349669","5312068.17116906","4842245.87044773","3626236.07029314"
"Choline","437446926.427036","587983455.426163","453711619.379557","471874486.7456","524177760.68066","543824891.263699"
"Cholinesulfate","217224829.716078","239352792.080081","205376818.730356","225598618.12441","264895705.463362","261966629.755471"
"Citreodiol","5048932.02044774","5719530.97362644","3792103.54756291","4065930.5312544","5010657.381815","4844865.58279384"
"Confluenine A","2334656.11611366","6217795.92706462","3795074.73572486","846489.645791993","1093536.48714252","1625073.08093727"
"Confluenine E","3938838.02982384","10400533.6919591","11091776.7155638","668278.277424771","1974526.26479934","2375344.2487782"
"Curvulide B2","207309.115261117","338690.292005143","263693.234676723","118468.214577252","246531.628442361","279996.664804712"
"Cyclooctene","4442131.96316266","3168822.5602776","3349908.09312796","5132882.6305872","6355936.0992829","4665664.67544445"
"Cylindrocarpyridone A","109882.362474399","109504.606928881","93751.2674427999","176150.196560493","224279.807289769","196411.471553949"
"Cytidine;1-beta-delta-Ribofuranosyl-Cytosine","895510.617186543","1517290.62487185","1423860.35844726","259983.353235629","334751.472946954","761026.930652907"
"Cytosine","1286351.82535329","2134441.21386627","2166899.55135107","392530.824041226","573065.60686196","1203395.1178082"
"D-2-Amino-hexano-6-lactam","486112.502481819","430329.128942289","476704.559749262","240789.286142923","488833.902139792","435865.191954178"
"D-Arabinonate","6470128.75441746","10048977.2499588","10344215.1108927","8207914.28306693","6098840.43444833","9833399.34851227"
"D-Phenylalanine","7696299.86822064","10049148.2638516","8588677.63462366","4029873.88010296","4560580.17013649","8506958.33410733"
"D-Pipecolicacid","11534215.3892632","11770380.7475185","8125710.91536742","13538790.368951","11584604.7876458","10616315.3091202"
"D-Tryptophan","274557.916285763","414983.461643838","358256.056111152","178761.811022799","271650.853384634","427547.928497584"
"Deanol","784326.259691837","1117904.64389402","717641.627566375","1317531.9291259","1018654.70070676","1375871.92357613"
"Decamethylcyclopentasiloxane","4528501.3655248","4795696.14968231","4853167.29993863","4798513.68991336","4737789.7287939","4812576.77907851"
"Decanophenone","119430.710693283","126083.09697395","82278.6072193792","144849.589190027","189825.193284516","168641.817786505"
"Decarbamoyloxysaxitoxin","153308.460573905","207896.370411815","147710.406725114","137639.368172229","168501.055538257","161665.206726432"
"Deoxyvalidamine","43586589.9910145","54251058.5915396","38986087.352411","44902478.7154426","38133224.7442015","37962892.7487678"
"dibutyl azelate","333388.994290508","388143.610124581","368066.613782416","520860.094735805","673180.836321321","698297.700699872"
"Dinemasone A","1105681.78224385","1475389.56098265","1168838.15692198","1162973.59252238","2542620.60796238","2398555.52627685"
"Erucamide","1573082.76657667","3709026.65801697","899730.742031005","1369335.34184866","1865082.59109268","3264449.03648797"
"ETHYL LAUROYL ARGINATE","3686484.40659008","3816080.74345683","4007581.26470035","3678580.14521238","3698026.47747606","3701362.06709128"
"Ethyl N-Boc-DL-nipecotate","771622.54987454","1018503.27419554","1029515.12728252","450149.715391475","598006.562890309","661366.307859847"
"Eugenol;4-Allylguaiacol","2133564.6724687","2612976.05829651","1457252.03118248","4737801.1118816","3665368.81284867","3496240.81065589"
"Eutypoid B","205842.242675458","255949.62551516","220605.64692559","313614.959885855","409291.600570001","409679.422343962"
"F1839-B","1306383.3694009","2057876.79224497","1501316.05328478","1696785.37282465","1512711.0468624","1412378.57121046"
"Farnesylacetone epoxide","10881366.5949762","10725709.438523","8661676.58908491","8375267.75591887","9923413.27839775","9270961.78968896"
"Fenipentol","246224.189275582","223306.190244151","189194.183470722","217656.871243702","221766.554353845","203606.348882637"
"Furfuranol","1337925.12300437","3329391.90781958","2918655.97743427","5716898.42433432","4975991.23093106","5709314.17224343"
"Gloeolactone","479604.969940585","641152.665902527","596234.678281201","1002953.92015621","706829.59462881","601902.597893539"
"GLYCERYL RICINOLEATE","407238.936330152","195727.452316065","163474.958470723","210274.507382371","341280.263216263","236890.957827135"
"H-Thr(tBu)-OtBu","311095.156646983","752300.219567639","285645.69815746","381480.326168998","507369.444683573","359764.032575105"
"Hexadeca-5,9-dienoic acid","291660.742115675","367975.752001613","307618.996347757","1482257.01968433","1822757.80835299","1651394.64048048"
"Hexanoylcarnitine","402284.566316109","496799.118244178","340717.580238628","266260.590559543","370804.052599436","385225.460417915"
"Hydroxymethyldecylparaben","418633.71982285","456907.007437967","209263.400627578","769202.627687366","473306.965987564","362779.522304364"
"ID6475000","7652306.71883671","8350398.88883537","6031085.4949547","8365010.81703632","7287190.22390856","8084577.50361543"
"Indene","6554828.98810996","6779113.31568824","8413868.21496645","13952391.4942708","14890797.2769775","14706179.3180083"
"Indole;1-Benzazole","1498576.24267494","2855028.85204068","1327080.05337934","2923402.39723092","2272965.67324706","2538078.37196352"
"Indoline","383372.587356742","284610.818920585","260299.386155201","540930.741094574","551305.424539065","525830.645560535"
"Isochromophilone B","124484.340396402","192661.663189892","159983.81852645","157684.510549896","150955.511407972","147528.447690339"
"Isoprene","2525561.33019616","351769.912603508","2501132.26722536","6546173.14083419","5443230.6376648","5172982.55169762"
"L-(-)-Arabitol","1725035.2720901","1591171.15496336","1429219.81675339","5466391.2326207","4958782.50445921","6476877.01080964"
"L-Tyrosinemethylester","534147.475068162","720087.694153753","322302.389976773","684500.653370294","1015308.14630217","844675.361816797"
"LAURIMINODIPROPIONIC ACID","260340.908024817","545645.693850664","501643.578946507","173000.586986077","262655.714942103","264162.848058805"
"Laurolactam","276732.668072358","1217887.73790578","198445.450792903","672469.243666042","1102508.68862054","532880.571181487"
"Laurophenone","2468035.22226755","2461415.33408856","1939097.97730683","2434411.11038401","2913983.00128508","2808264.99867765"
"Lauroylsarcosine","92326.410020925","188284.790241625","78756.1142508346","184406.061163434","257030.956333945","220867.238175308"
"Leptazoline B","7331316.45772238","7467951.11357455","7852397.15646924","7487825.74942136","7193806.26848209","7256896.82793188"
"Malyngolide","420978.926242705","473154.393350019","464006.379112316","2924298.52894469","3744534.56609615","3273011.23655793"
"Maristachone B","829268.526649314","1248248.64250128","1220392.5398199","550558.929676941","711907.567408205","740286.630303245"
"mebutamate","1345923.78344469","3158648.80677489","3062352.54744347","906180.669733056","1746560.21493631","2593636.55940858"
"methallylamine","2316640.61307569","4892493.41572075","4014534.61072378","2044152.41334423","2404809.38939691","2752666.27552174"
"Methyl b-neuraminic acid methyl ester","5819525.12963214","9506933.26353847","7114885.8994738","7285394.09559903","8053112.60586734","8650682.5987662"
"Methyl diethanolamine","12019618.6744257","12129446.2258597","10681840.180127","3285983.02564144","4032649.2756211","6325821.46924964"
"Methylenolactocin","21093470.6290803","28707413.1403887","25617217.4702359","11097047.089329","15360941.5381689","16808817.903543"
"Methylfarnesoate","3030957.10688542","3494976.82616146","2221092.62672786","6636287.35640268","6209843.03944945","4588348.5062788"
"MFCD00042968","96204.8339639684","86399.5079125545","93474.1580458276","87097.2783479197","92680.9924833923","100504.915465436"
"MFCD00046712","832818.028860611","999560.485406109","636035.225511189","420887.800164922","641216.208659502","545443.375582554"
"MFCD00134195","288631.461843752","353187.602743895","191620.297559995","1090374.77979026","1110560.58308032","1368913.59310622"
"MFCD00144215","1609922.33567085","1875727.41020894","1765430.16107057","1676551.1934573","1694194.24498096","1682457.09557179"
"MFCD00270409","7329277.53089783","6139038.8707534","4495077.57175144","5252225.69647164","6145060.68818801","5587495.87002504"
"MFCD00674434","154083.969510089","187639.839280429","111957.850794586","71337.7395845588","108055.45987987","127397.019133785"
"Monoelaidin","1115142.02964891","850589.357569404","922991.312746598","894662.857077624","1187176.50941121","1076973.19880046"
"Mucidone","326294.584130419","384932.893497741","243767.526687896","536996.54626606","438107.83143525","364320.424384369"
"N-({2-[(Dimethylcarbamoyl)amino]ethyl}sulfamoyl)-N-methyl-beta-alanine","13370368.5807902","16263087.6963167","11236644.5819136","13045624.7256248","12270944.9954367","8379896.31435561"
"N-(2-Hexyl-4-oxo-3(4H)-quinazolinyl)-4-hydroxy-1-isobutyl-2-oxo-1,2,5,6,7,8-hexahydro-3-quinolinecarboxamide","2619546.61552607","1989005.77477336","1811804.80926284","2700680.6146641","2697320.34140614","2665538.78885128"
"N-(3-acetamidopropyl)-4-hydroxy-3-methoxybenzamide","681690.49982771","1697724.94150453","1600042.73904663","205132.847022811","437161.724533036","625577.831755511"
"N-(5-Amino-3,6-dicyano-2-pyrazinyl)formamide","223321.957420047","227466.508140337","169978.455464947","387548.591969175","316995.283188962","261244.786296938"
"N-(5-Methyl-1,2-oxazol-3-yl)-4-[(phenylcarbamoyl)amino]benzenesulfonamide","1085411.34066795","1139726.9448736","1092918.28158249","1566881.76399028","1464529.8236842","1387153.7474514"
"N-(6-Aminohexanoyl)-6-aminohexanoate","2212958.12524362","5239717.70105248","3759120.82861002","2318878.1352534","2694661.92758459","3837352.48068657"
"N-[2-(1-hydroxy-4-methylpentyl)]acetamide","3325877.62653169","4213619.95923241","3087024.67987125","3023456.83371275","2688918.29871516","2667899.79624295"
"N-[3-(4,4-Dimethyl-2,5-dioxo-1-imidazolidinyl)-2-hydroxypropyl]-N-(3-nitrophenyl)benzenesulfonamide","2510208.24646004","2782056.66729713","2689111.31288341","2623295.84795213","2717609.27665987","2656705.07730515"
"N-{Adamantan-1-yl[bis(dimethylamino)]phosphoranylidene}-1-azepanecarbothioamide","191044.520624578","107668.32291204","87541.3242350268","307895.445674789","340251.416111877","224063.533204762"
"N-acetyl-3,5,11,18-tetrahydroxyoctadecyl-2-amine","221896.597871757","212803.241946909","128933.726286938","214935.868770631","195120.077995627","169346.79067585"
"N-Acetyl-L-Carnosine","728459.910307726","1144980.69536748","1274197.50435625","357078.080570615","498011.479622146","462156.869260834"
"N-Acetyl-α-D-glucosamine","1819895.65004524","4876533.87063232","3898701.89260832","3043416.57781482","3324135.19971893","4099353.88940918"
"N-Benzoylglycyl-N-cyclopentyl-N~2~-(1,5-dimethyl-3-oxo-2-phenyl-2,3-dihydro-1H-pyrazol-4-yl)isovalinamide","1258037.08002681","937560.741016363","908342.16290653","1612071.99442448","1486039.44070335","1587362.63194504"
"N-Boc-piperidine-3-methanol","292137.645597184","417482.293900907","368749.87337078","497126.588156225","637420.523183741","510189.179128338"
"N-Ethyl-2-{[2-(5-methyl-2-thienyl)-4-quinolinyl]carbonyl}hydrazinecarbothioamide","6250123.2421958","6413549.48851396","6415447.1113272","6354268.97274621","6131550.73191117","6115002.31968731"
"N-Methylpyrrolidone","11486089.8736821","28683394.460057","23246373.8875146","26666634.2600436","28700515.1914797","30782539.589713"
"N,N'-1,3-Propanediyldinonanamide","61912.1159222526","59483.1702826074","67751.4066472296","64698.8705097729","63382.8124124188","59533.6008708538"
"N,N,N',N'-Tetrakis(2-methoxyethyl)malonamide","3733716.5930762","4438314.27282611","2706832.20757518","205044.752740516","388304.471640972","354650.667580136"
"N2-(D-1-Carboxyethyl)-L-lysine","1408668.41948302","2644217.28237008","2270873.69349398","989152.626309655","1085393.06157218","2036864.7684126"
"Neolymphostinol C","146381.061717046","253778.716954226","178654.050188384","632941.681884866","971874.070371846","951348.040045154"
"Neuraminicacid","6140398.26293024","5537654.75442126","4763202.42544327","3167583.6827576","3069749.75336206","2567285.89978809"
"Nitrilotripropionamide","7120444.12719699","7208899.77699985","4991515.04807767","5996496.01958794","4904704.9323931","3448339.16978091"
"Nodulisporipyrone B","402647.897101728","258462.869312341","148486.247109023","1226134.61452677","780181.22122656","748795.392648352"
"Norepinephrine(Noradrenaline)","584970.285665375","1114491.12096803","1277687.34154382","339073.757799442","178902.20061919","200398.258890779"
"Not named","8603844.57312834","12568066.0289465","12799028.3266845","4913390.85345258","9649697.10226654","10970318.7742887"
"NP-002322","4667587.76602201","3853926.30129058","2164006.56310938","3589057.31408517","3703841.31760399","2978360.48832323"
"NQ8650000","21743808.342454","31954330.127249","31028999.7624765","4529310.35844527","8258312.16785899","10818660.9191245"
"O-Propanoylcarnitine","209820.824076396","246537.723515021","131329.69218847","464793.712234566","349900.199499355","320164.017465917"
"Octalin","169669.881766469","195397.884854577","145340.943951907","231634.295331206","246637.656963644","231117.573945409"
"OxidizedLatialuciferin","627695.994638284","719881.281282672","584561.512594844","730114.612498197","803276.096874476","707920.879743829"
"p-dicyclohexylbenzene","430100.727220828","407729.515065968","338899.472915766","339697.273886817","415399.572413601","363302.641311651"
"p-Xylene","1349111.67058317","2073796.76875394","1250504.51360482","2069419.93056106","2191520.03049057","2255523.76484358"
"Palmitoleic acid","1511147.11198978","1501669.08402839","1284618.86320453","2767741.17559767","4195431.959905","3555886.48374057"
"Palmitoleicacid","1455669.09092487","1842029.74706464","1421996.14284344","2953278.20825986","4511151.75956879","4259379.34512521"
"Pantothenicacid(VitaminB5)","2240663.46028434","2865480.89517739","1867990.27573921","2420458.32891245","2815708.90249416","2531477.59247385"
"Penicillar C","247465.730633184","249122.340518111","210020.097375043","420603.120487179","455032.53084199","402269.561124763"
"Penicipyranone","2830026.64098696","3223963.88533717","1691126.86089855","5818082.30584705","4453966.84484744","4116242.23672106"
"Pentadec-8-en-2-one","103569.711900266","133761.880981954","122698.72807766","133596.36052988","174264.606435035","160023.854102364"
"Pentaerythritol laurate","431682.731915861","639500.103596175","507556.239817375","508199.37521672","679549.28811978","689410.283859958"
"Phenolicsteroid","139552.849709335","174604.271594712","65754.8484188399","642502.072272338","440925.465696126","346468.6121686"
"Phloionolic acid","330748.539550452","420507.634432442","364523.485434369","135185.178546635","174849.684310447","163367.744699628"
"Phomolide D","223179.169714585","345621.398319017","607722.244589137","300443.866890674","340785.160391678","369487.104422669"
"Phomoxin C","449076.873225343","879180.158261201","601000.633742393","645695.742853462","570846.515106358","599856.110295781"
"Photopyrone G","1751875.15485543","1486934.83904048","1062987.18931207","1215881.96755106","1412550.08299601","872992.269529094"
"Phytosphingosine","1350591.45024442","1687788.2994148","1268193.04375537","1737385.15900288","1248497.6718806","1251719.74500637"
"Piperidine","9661467.86795252","17591792.3797891","14646038.2422289","5779865.84755145","5989266.46652094","9757037.98927682"
"Pleosporalone A","2101949.79577626","2415014.17398688","1845337.27978975","4603077.04481424","5275465.75622402","4852443.44038224"
"Propionylcarnitine","14003599.5307676","15527059.5857166","12034805.0625837","16006691.8106577","16806882.8616113","17905049.1602095"
"ProstaglandinF1a","918001.365927369","1047742.47654759","834526.220118875","809140.614160774","1152818.3393038","970207.626066686"
"Pseudopyronine A","1324719.36701669","1593565.2377575","1133059.46137519","3516720.36808239","3462433.05840231","2610969.70815368"
"Pseudopyronine B","188354.037550545","233846.125065898","28154.1532466448","196363.337068197","259987.931201019","303934.831768955"
"Pseudouridine","3726534.57897831","5558684.91296101","5616694.3068224","335467.941682696","523594.300914608","905160.530759858"
"Pyridoxamine;2-Methyl-4-aminomethyl-5-hydroxymethyl-3-Pyridinol","2684476.29801994","3964653.88544849","4292022.61360881","612196.073482448","1511798.61352032","1473661.31238686"
"Resorstatin","345845.413015828","333515.271807082","258851.288648245","382914.112750662","426359.743077289","368062.586161153"
"Rishitin","280047.614362178","374228.653849116","300648.281953677","308820.179182024","316898.897423396","322956.108971729"
"Sclerotigenin","746177.256318422","1126744.09338031","892700.35141649","4348433.97332606","5321910.72243616","5392698.96393233"
"Sebacicacid","278993.834878894","305767.835716471","207931.037232403","477804.001661279","422184.336625956","480477.965993537"
"Seimatopolide B","217397.953976341","197926.217329552","157282.247851355","189240.913863012","201127.45019911","201327.846226065"
"Simplifungin","68309.6073358388","76675.4618136355","47947.9615081995","107375.351962874","108317.376109873","70194.6516375368"
"SKF-86002","883224.377261453","901785.910369954","954045.609809767","885659.015701863","879747.348665714","839648.731840157"
"sn-glycero-3-Phosphocholine","4190095.31796817","4926812.17333371","4894333.19670883","1730227.73121378","2014743.9670747","2302169.39599001"
"SN3570000","6364251.04544835","6376829.34406583","5023582.38322199","5481095.11448063","7463674.79423917","6789402.20801822"
"SPF-32629A","94090.2024942058","117592.176561073","113297.766926441","139677.200498288","197049.769968258","162857.117531612"
"Stachydrine","20481004.03375","20337896.2813066","18565480.8724564","24857666.4968521","23657899.8454106","23785058.3621173"
"Streptimidone","246162.416631739","919636.113498395","566022.904064063","270944.190325133","142445.600734932","423428.650748216"
"Succinic anhydride","1034957.91570576","1863387.95444272","1332121.42504922","6057880.87914362","5156502.7426257","5318796.28710141"
"Sulcatone","1181958.05776793","1359380.51257892","1401911.10161894","8619366.2171766","7484697.41964426","8409719.05362812"
"Takinolide seco-acid","1071361.0070775","1214128.0890027","1017639.51587743","891612.43923199","1168971.24206249","1123411.82878568"
"Tanikolide","1747627.96393225","2207613.29998029","1880182.77650627","2032789.32218649","2759865.19168035","2612793.3570202"
"Tanzawaic acid B","5375772.13607942","6582035.91720341","3400118.27849396","12361344.6280628","8922672.10422468","7068675.61512123"
"Tenacibactin A","3984161.5356509","13700904.8644086","12144570.7454103","1373427.87223427","3677759.51939145","4801291.03886751"
"Tetrahydro-3-thiophenecarboxylic acid 1,1-dioxide","556252.740059424","1916033.33641603","1472268.7302571","621636.451948799","754121.505659895","785184.425621412"
"Tetrahydrothiophene","2954483.72493973","3707230.46095809","2971549.42431433","1122902.41851374","1190806.5257825","1307625.86822177"
"Tetralin","1888689.00389487","2635819.892236","1586223.08919641","3842776.3189348","5102340.62617459","4958722.37452398"
"thiodiglycol","6492208.45314982","7479007.89923099","6614125.30026428","363296.350369996","496673.729013714","480617.566068916"
"Toluene","659093.369979108","761566.277249935","494842.218469819","1311103.92245922","1026108.27388081","948410.693428577"
"Tolycaine","649179.20211349","1117824.66718248","1088952.35754989","499806.379647251","632638.648579645","889917.303074931"
"Trichobotrysin F","9465086.03283975","12700781.4611754","6310204.98214148","17809162.3927693","13817601.8560216","11514509.3303633"
"Triethyleneglycol di-n-heptanoate","1005081.38494697","1136908.74859549","915126.757183867","887707.358055905","1255225.8082825","1109986.8928059"
"Uracil;2_4-Dihydroxypyrimidine","32643948.9395542","53184350.4855131","49183567.5989906","2885304.95689968","3965655.02379814","6012601.10596114"
"Validoxylamine G","88953.7102637871","155845.05884526","163623.198603172","44598.966858151","89889.1333347568","90961.9333535799"
"Valsafungin B","390888.279159479","326119.591322224","273860.076879752","470161.25458416","590537.291004336","419389.379408362"
"VC","584610.886560817","775097.459921748","635208.006594689","1351387.16636945","1500725.67081042","1523363.57251558"
"WY2635000","80431.109161353","131271.477763289","65631.5373686922","133305.117978688","106322.318690728","112094.421301641"
"Xanthine","6909017.61151402","15712379.1003921","14353744.112075","627658.799057082","939522.16455887","1481253.40654455"
