"name","area_2_1_15_S25_noOTA","area_2_2_15_S25_noOTA","area_2_3_15_S25_noOTA","area_2_1_15_S17_noOTA","area_2_2_15_S17_noOTA","area_2_3_15_S17_noOTA"
"group","cA_S25","cA_S25","cA_S25","cA_S17","cA_S17","cA_S17"
"(-)-alpha-Cedrene","117804.695526376","186326.962905947","126746.583541452","451968.945834295","364159.885887661","412949.899127151"
"(-)-Jasmonicacid","1673338.44897452","2165463.16469501","2373910.6013073","250334.696822807","313075.110464672","507137.189741449"
"(-)-monascumic acid","200290.228485454","287776.224177571","268447.635896115","4798.92202729852","4798.92202729852","4798.92202729852"
"(-)-trans-Carveol","1783639.57771106","2509491.9897687","2206459.58907019","1350949.91296181","1337676.13266446","1111636.53504501"
"(+)-(R,2E,4Z)-7-(4'-(dimethylamino)phenyl)-4,6-dimethyl-7-oxohepta-2,4-dienoic acid","2977812.67193235","3628675.2908414","3742105.04443272","4798.92202729852","4798.92202729852","4798.92202729852"
"(+)-epogymnolactam","330809.244790938","584471.717872202","193696.651447125","4798.92202729852","4798.92202729852","4798.92202729852"
"(+/-)-6-Hydroxy-3-oxo-alpha-ionol","246787.606940896","267530.218444562","311209.042738703","4798.92202729852","4798.92202729852","4798.92202729852"
"(+/-)-6-Hydroxy-3-oxo-alpha-ionone","872418.779500847","973978.548719228","839174.357712847","4798.92202729852","4798.92202729852","4798.92202729852"
"(±)13-HpODE","2078076.67966931","2691084.99841889","2022857.88915653","2511155.30118376","2860018.09812367","2689821.91906376"
"(1,1-Dioxido-3-thietanyl)acetic acid","904298.630150795","1684712.31760501","955241.859037417","4798.92202729852","4798.92202729852","4798.92202729852"
"(11S,12S,13R)-11,13-dihydroxy-12-methyltetradecanoic acid","67392.0412463008","77417.5264477735","89302.9605143245","4798.92202729852","4798.92202729852","4798.92202729852"
"(1RS,6SR,10SR)-6,10-dimethylbicyclo[4.4.0]decan-3-one","4798.92202729852","4798.92202729852","4798.92202729852","427919.432395526","336187.20110036","507356.099637467"
"(1S,2R)-3-oxo-2-pentylcyclopentane-1-butyric acid","4798.92202729852","4798.92202729852","4798.92202729852","644631.087096501","493609.617978595","843537.657148334"
"(1S,2S)-3-oxo-2-pentylcyclopentane-1-octanoic acid","4646161.00029768","5836945.85926452","6422006.90108537","3949869.58370244","3140126.49030583","5252311.29157904"
"(1S,2S,3R)-4-hydroxymethylcyclopent-4-ene-1,2,3-triol","4798.92202729852","4798.92202729852","4798.92202729852","632301.632248407","649117.125275486","743284.381860339"
"(2E,4E)-2-methyl-hexa-2,4-dienoic acid (2'R,3'S)-allo-isoleucinol amide","12400911.0605874","16236717.9451719","2491308.68713255","5682026.51877276","5614931.7998935","8247139.53273486"
"(2E,4E)-N-Isobutyl-2,4-octadecadienamide","347592.996075645","499367.348834995","80775.8442120268","4798.92202729852","4798.92202729852","4798.92202729852"
"(2Z)-2-Benzylidene-5,7-dimethyl-3,4-dihydro-1(2H)-naphthalenone","83947.5804222812","76015.1030491026","65088.2174819481","4798.92202729852","4798.92202729852","4798.92202729852"
"(3R)-beta-Leucine","31078410.9236931","46693101.1049867","23656389.5824253","23792521.6544524","15064949.0818529","19406162.2650429"
"(3R,4S)-4-(Carbamoylamino)tetrahydro-3-thiophenyl acetate","4798.92202729852","4798.92202729852","4798.92202729852","749336.933165382","839781.338791349","949556.502594604"
"(3S*,4S*)-3,4-dihydroxy-7-methyl-3,4-dihydro-1(2H)-naphthalenone","80255.697442633","102883.012555664","95662.007223735","4798.92202729852","4798.92202729852","4798.92202729852"
"(4E)-2-Oxohexenoicacid","6140098.0345145","16758497.9178895","10914272.9122376","19813712.7179932","22940854.5567244","24521438.5155497"
"(4R,6R)-t-Butyl-6-(2-aminoethyl)-2,2-dimethyl-1,3-dioxane-4-acetate","217391.946253569","216348.258505508","217467.141653613","4798.92202729852","4798.92202729852","4798.92202729852"
"(6RS,10RS)-6,10-dimethylbicyclo[4.4.0]dec-1-en-3-one","619233.902210582","700258.685217775","677640.46534211","746982.350168263","542532.705542893","929377.078629349"
"(6Z)-Octadecenoicacid","699111.109390542","722709.089347675","1274431.88596679","4798.92202729852","4798.92202729852","4798.92202729852"
"(7S_8S)-DiHODE","5729767.91802483","7529551.3360449","5872615.2034255","5237587.48167533","5500436.96880075","5895607.08252887"
"(9S_10S)-9_10-Dihydroxyoctadecanoate","4798.92202729852","4798.92202729852","4798.92202729852","282201.955583736","224483.702466425","374671.809566835"
"(9Z)-(13S)-12_13-Epoxyoctadeca-9_11-dienoicacid","16908664.4783792","22980843.03616","22020455.3942138","12692769.9479497","12379582.9319459","16628217.8906418"
"(9Z)-Tetradecenoicacid","610402.145459778","908531.685949464","701533.803058823","951013.410361832","703529.535806569","1217214.84681446"
"(9Z_15Z)-(13S)-12_13-Epoxyoctadeca-9_11_15-trienoicacid","2578983.0149478","4758897.03530881","4291480.413797","2818640.16843378","3208781.59973617","3171917.12510013"
"(R)-2-Hydroxyglutarate","52675480.6536701","54428257.4279751","58303572.3592157","47259297.3117674","45065227.8762598","45451549.3711652"
"(R)-2_3-Dihydroxy-3-methylpentanoate","811200.370486427","1091343.29598133","510313.998282762","4798.92202729852","4798.92202729852","4798.92202729852"
"(R)-3-Amino-2-methylpropanoate","4798.92202729852","4798.92202729852","4798.92202729852","2078729.72877766","837645.276659435","2348726.29703419"
"(R)-4-Dehydropantoate","1459202.39201933","2137332.49425681","1531025.24845861","1040135.25551726","1028443.01792366","1185746.24247807"
"(R)-Coclaurine","50234468.838979","63716312.7976223","61952536.0868141","4798.92202729852","4798.92202729852","4798.92202729852"
"(R)-Malate","282035.643198184","254062.085324684","221869.677622747","4798.92202729852","4798.92202729852","4798.92202729852"
"(R)-Norcoclaurine","564179.772702151","673069.040864004","579266.616699431","4798.92202729852","4798.92202729852","4798.92202729852"
"(R_R)-Tartaricacid","865288.305527314","1458859.14910233","964033.410119165","434859.480522078","779395.207519587","876388.532704199"
"(S)-Carnitine","48461800.2852857","94958967.066509","43332197.862047","26831845.7835256","18754046.7505575","25712517.8850941"
"(S)-Malic acid-1-O-beta-D-glucopyranoside","17161611.5965044","15656183.2524613","16318791.1867831","19325157.200785","18557705.3678808","17953150.1303178"
"(S)-N-tetradecanoyl-HSL","4798.92202729852","4798.92202729852","4798.92202729852","186850.041391511","148169.440146801","194126.098484144"
"(Z)-N-16-hydroxyhexadec-9-enoyl-L-alanine methyl ester","25865.5656596872","40625.0447415108","31667.0368960434","4798.92202729852","4798.92202729852","4798.92202729852"
"?-(Methylenecyclopropyl)glycine","41283049.3296595","62225932.6572731","35361999.3242156","9138931.09454071","5771465.47148172","6480604.60103569"
"[1-(Methylsulfonyl)-4-piperidinyl](1-pyrrolidinyl)methanone","4798.92202729852","4798.92202729852","4798.92202729852","1399786.04251863","1145194.49684364","1305370.49458191"
"[FA(18:0)]12R_13S-epoxy-9Z-octadecenoicacid","8182757.47659168","9885445.60790621","8996577.75179713","6210219.24539554","5330275.40860545","8250250.63924205"
"[FA(18:1)]9Z-Octadecen-12-ynoicacid","45312227.827121","60053229.9693779","54153812.2299493","47429798.4858684","41051050.5862797","54465689.1901057"
"[FA(18:2)]9Z_11E-octadecadienoicacid","10850240.3259529","19506938.5494518","16982180.3139341","16120433.9373331","18433374.7265872","33902385.6443924"
"[FA(18:3)]13S-hydroperoxy-9Z_11E_14Z-octadecatrienoicacid","2086679.20898605","3027020.61957283","3081765.89957837","4798.92202729852","4798.92202729852","4798.92202729852"
"[FA(18:4)]6Z_9Z_12Z_15Z-octadecatetraenoicacid","25092658.3895041","34532053.8712843","27830847.4480437","30001991.7592451","30412200.9769716","32984767.830681"
"[FA(20:3)]11_12-epoxy-5Z_8Z_14Z-eicosatrienoicacid","218187.537022756","350733.772325258","310851.860911963","4798.92202729852","4798.92202729852","4798.92202729852"
"[FAhydroxy(18:0)]12_13-dihydroxy-9Z-octadecenoicacid","4827802.88696036","5550499.67364488","3788300.36835869","16781282.182742","12245279.7135262","17222584.9152443"
"[FAoxo_amino(6:0)]3-oxo-5S-amino-hexanoicacid","2942291.79306018","4781904.72909667","2689241.99552083","4798.92202729852","4798.92202729852","4798.92202729852"
"[FAtrihydroxy(18:0)]9_10_13-trihydroxy-11-octadecenoicacid","1301009.52506613","1451622.63292491","1249953.92478476","1480834.5574693","1207272.85797196","1602964.92003323"
"[STtrihydrox]3alpha_11beta_21-5alpha-trihydroxy-pregnane-20-one","4798.92202729852","4798.92202729852","4798.92202729852","119516.134282803","142430.346118349","151674.544991954"
"{3-[(E)-2-(1,3-Benzodioxol-5-yl)vinyl]-2-oxiranyl}(1-piperidinyl)methanone","117093.016585736","168905.771171369","145092.679872358","4798.92202729852","4798.92202729852","4798.92202729852"
"1-(1H-1,2,4-Triazol-1-yl)-2-propanamine","211120.56594161","315706.613695786","257974.148384048","4798.92202729852","4798.92202729852","4798.92202729852"
"1-(2-Cyanoethyl)-4-piperidinecarboxamide","4798.92202729852","4798.92202729852","4798.92202729852","119234.704108986","385718.761480373","416498.99261003"
"1-(2-Fluorophenyl)-3-(5-quinolinyl)thiourea","818412.954989352","864795.111434568","833187.884794965","4798.92202729852","4798.92202729852","4798.92202729852"
"1-(2-Naphthyl)ethanol","4798.92202729852","4798.92202729852","4798.92202729852","228913.260967986","215273.883844739","173037.311270064"
"1-(4-Hydroxyphenyl)-2-aminoethanol","16680550.5293646","28075380.9005207","17500059.8108095","67795363.4921691","70021843.8927846","92846590.1548655"
"1-(Dimethylsilyl)-1H-pyrrole","787296596.172802","833382193.136507","828493682.296224","766380724.975262","773888592.466837","755894379.543855"
"1-[(3R,4R)-3-(1-Azepanylmethyl)-4-(hydroxymethyl)-1-pyrrolidinyl]-2-hydroxyethanone","113312.033912586","167295.812516559","85109.2312357543","253567.379508446","410855.047060635","455944.779186923"
"1-[(5-Chloro-2-thienyl)sulfonyl]-4-piperidinone","50452.2099447143","45841.4457242965","43541.9565564764","27889.1213970049","30438.2936977284","29666.2301748697"
"1-[(Z)-{[(2E)-2-(Hydroxyimino)propyl]oxy}-NNO-azoxy]-2-propanol","854003.094855439","1001061.36281065","694673.137953056","4798.92202729852","4798.92202729852","4798.92202729852"
"1-{[1,2,4]triazolo[1,5-a]pyrimidine-2-carbonyl}-1H-imidazole","118996.835221693","84141.3388227484","114980.076435179","4798.92202729852","4798.92202729852","4798.92202729852"
"1-Boc-4-Vinylpiperidine","527601.254222434","771372.48438128","280972.828523999","327121.867988462","439804.932871238","645195.917477471"
"1-BOC-Piperazine","640591.137444414","644163.44429816","605973.456677172","4798.92202729852","4798.92202729852","4798.92202729852"
"1-Cyclooctyl-4-phenyl-1-butanone","387963.676630229","638140.574256169","382874.940294797","489289.382604814","491445.338713828","541553.712465592"
"1-Methoxy-dec-2-ene-4,6,8-triyne","3081048.42645773","3108015.92539568","3146545.51881427","4798.92202729852","4798.92202729852","4798.92202729852"
"1-Methylpyrrolinium","2625796.4810673","3247816.48406325","2545818.63490904","3976844.80461089","3103049.7897666","3780365.23021195"
"1-Morpholinocyclododecene","103155.11019791","139662.92085268","144805.276124111","4798.92202729852","4798.92202729852","4798.92202729852"
"1-O-Acetyl-D-glucitol","92804.1653556612","133130.120916278","125693.64150097","168831.373044327","204409.29427124","150816.809828955"
"1-Palmitoyl-2-hydroxy-sn-glycero-3-PE","306051.84437984","518951.503693871","331528.05770221","533839.602964297","289248.858202617","383785.228575689"
"1-palmitoylglycerol;MAG(16:0)","2665199.14405764","3468489.51765096","3965221.23426722","1536318.94203184","928090.571178616","2158305.37571412"
"1-Palmitoylglycerophosphocholine","4798.92202729852","4798.92202729852","4798.92202729852","428715.486019592","294866.092123973","420768.063023213"
"1-Phenylhept-3-en-4-one","4798.92202729852","4798.92202729852","4798.92202729852","1122496.6160205","871150.034372202","1033321.37825619"
"1-Phenylheptane-1,5-dione","109826.427625541","125770.961021306","116044.548574557","4798.92202729852","4798.92202729852","4798.92202729852"
"1-Pyrroline","4181868.14860145","6282043.1886196","4062520.10226313","3392156.81022751","2517504.68493848","3249691.11015878"
"1-Pyrroline-4-hydroxy-2-carboxylate","1827186.39623201","2221233.17829328","1024942.41391965","581046.900829623","1414024.13075893","1333710.8716842"
"1(2H)-Isoquinolinone","9255113.06452714","14490694.5273957","10200239.0836058","15179558.0594424","11744233.8598402","15760914.2018076"
"1,1'-(1,4-Phenylene)bis{3-[2-(dimethylamino)ethyl]urea}","2324860.92460246","3388747.24025567","2756714.47413633","4798.92202729852","4798.92202729852","4798.92202729852"
"1,1,6-Trimethyl-1,2-dihydronaphthalene","4798.92202729852","4798.92202729852","4798.92202729852","212387.678574581","144218.17693215","215123.140910216"
"1,2-Divinylbenzene","1741700.86768705","1701762.55865685","1695451.85034058","4798.92202729852","4798.92202729852","4798.92202729852"
"1,3,6-Octatriene","29249598.8878497","39482998.9219965","39234647.1742993","21970826.1500997","28012316.1749002","31483303.4908139"
"1_2_4-Trimethylbenzene","316369.050341856","380748.09168277","319522.85257253","389674.315163968","426806.118623022","392755.458404532"
"1_5-Anhydro-D-mannitol","175641.123455437","315090.251718513","295822.636293782","4798.92202729852","4798.92202729852","4798.92202729852"
"1_6_6-Trimethyl-2_7-dioxabicyclo[3.2.2]nonan-3-one","223402.619277897","334501.217925081","226438.365502719","268098.921577656","259257.037331519","311384.426125511"
"1_8-Diazacyclotetradecane-2_9-dione","7698089.64600988","8327058.56148359","8195771.3224126","4798.92202729852","4798.92202729852","4798.92202729852"
"10-(3,4-Dichlorobenzoyl)-11-[4-(diethylamino)phenyl]-3-(4-fluorophenyl)-2,3,4,5,10,11-hexahydro-1H-dibenzo[b,e][1,4]diazepin-1-one","342061.007114459","344727.409140085","338975.809516527","375683.348738495","380301.028742068","345222.987249105"
"10-hydroxydecanoicacid","185417.127986043","250334.336665778","204586.915229399","4798.92202729852","4798.92202729852","4798.92202729852"
"10_16-Dihydroxyhexadecanoicacid","387731.622735109","454218.476995947","286207.264093096","1376330.77912088","997488.712624685","1671805.99269727"
"10E,14Z)-9-oxooctadeca-10,14-dien-12-ynoic acid","448826.977185731","557726.879325266","509270.514152647","524273.782575033","511456.001257874","573307.76251337"
"11-(4-Hydroxybutoxy)undecanehydrazide","240626.087529333","301152.716842609","83404.3620148579","104477.50997126","166269.933359881","224330.271252595"
"12-Aminolauric Acid","127013.859988834","115641.779694021","128019.862999531","139209.105554918","74054.8746657224","130448.769438564"
"13-Decyl-1,4,7,10-tetraoxa-13-azacyclopentadecane","234157.946858865","339381.850877178","284027.05540433","575562.584040767","427911.322381898","535649.519990719"
"13-hydroxy dechlorofontonamide","104931.193346159","132487.474158581","141281.44261308","4798.92202729852","4798.92202729852","4798.92202729852"
"17a-Estradiol","996199.194551802","1287912.18564714","804564.071492012","792913.287138283","1177846.99100796","779071.12946135"
"18S-hydroxyneodihydroprotolichesterinic acid","4798.92202729852","4798.92202729852","4798.92202729852","515070.862151957","464450.896918014","598025.695770862"
"2-(2-amino-3-methylbutanamido)-3-phenylpropanoic acid","1322985.29617366","2952882.13110606","976336.348291339","688293.071869134","422482.445039707","585776.418239536"
"2-(2-Thienyl)piperidine","131404.944322586","524139.914806096","228154.211041495","328973.491137995","182303.80183962","252980.599328654"
"2-(2,3-Dihydro-1-benzofuran-5-yl)ethanesulfonamide","4798.92202729852","4798.92202729852","4798.92202729852","1459869.71799652","1271228.59173964","1945516.25177476"
"2-(2,4-Dimethoxyphenyl)-N-(4-{[(4-methylphenyl)sulfonyl]amino}phenyl)-4-quinolinecarboxamide","779686.099323327","759578.580666925","744245.878033966","817363.511635398","789374.736836859","774690.487166384"
"2-(3'-methylthio)propylmalate","65477056.3023305","64065431.8383313","64478463.5057313","65878180.1059374","62482087.1096125","63968143.2591974"
"2-(4-aminophenylthio)acetic acid","3337217.77117957","3752338.67576239","3228913.06960361","4091815.08189044","3001926.95649325","5115359.79712368"
"2-(beta-D-Glucosyl)-sn-glycerol","791246.876630813","798217.123662974","669191.330034999","4798.92202729852","4798.92202729852","4798.92202729852"
"2-(Hydrazinocarbothioyl)hydrazinecarboxamide","4788431.92698428","3755378.56932353","5685488.54212914","4712264.2740208","2894968.95198154","2891320.01003546"
"2-(Phenylsulfanyl)cyclohexanone","4798.92202729852","4798.92202729852","4798.92202729852","215189.722941635","145139.63412001","175136.124054576"
"2-(tert-butyl)-1,3-thiazolane-4-carboxylic acid","4798.92202729852","4798.92202729852","4798.92202729852","1340463.21229977","729951.403036892","695007.621278736"
"2-[(2,2-dimethylbut-3-enoyl)amino]benzoic acid","261608.284965225","441710.054130889","241258.329929535","4798.92202729852","4798.92202729852","4798.92202729852"
"2-[(DIOCTYLCARBAMOYL)METHOXY]ACETIC ACID","486477.689199412","574825.815251523","456690.354917916","295879.921809583","295957.755403314","333533.609448696"
"2-[2-formyl-5-(methoxymethyl)-1H-pyrrol-1-yl]acetic acid","624597.678770671","1247285.02684473","208336.74875525","4798.92202729852","4798.92202729852","4798.92202729852"
"2-{[3-(2-Butoxyethoxy)-2-hydroxypropyl]amino}ethyl carbamate","791596.575401628","2451705.21014315","755274.097257575","4798.92202729852","4798.92202729852","4798.92202729852"
"2-{[4-(Cyclohexylamino)-1-methyl-1H-pyrazolo[3,4-d]pyrimidin-6-yl](ethyl)amino}ethanol","205992.127418195","236566.518701059","291056.75242948","483918.03125516","527899.209434147","735073.959138528"
"2-{1-[(TERT-BUTOXY)CARBONYL]AZETIDIN-3-YL}PROPANEDIOIC ACID","417775.988945451","704946.032033736","530285.125665752","4798.92202729852","4798.92202729852","4798.92202729852"
"2-Chloro-7,7-dimethyl-7,8-dihydro-5H-pyrano[4,3-b]pyridine-3-carboxamide","4798.92202729852","4798.92202729852","4798.92202729852","3330445.13925109","3207828.82488229","3237930.64305678"
"2-coumarate","266486.632449951","380100.081794162","236909.790756858","354929.284798552","241272.949387532","289461.946616484"
"2-Cyclododecyl-1-(4-morpholinyl)ethanone","4798.92202729852","4798.92202729852","4798.92202729852","118767.503364236","114997.133834318","139068.656211788"
"2-Furoate","1225246.5856824","1136348.59736016","628330.087894315","4798.92202729852","4798.92202729852","4798.92202729852"
"2-Hydrazino-4-methoxy-6-(4-morpholinyl)-1,3,5-triazine","4798.92202729852","4798.92202729852","4798.92202729852","9815616.50860549","9512376.2926845","10713364.4530481"
"2-Imino-N-[2-(4-methoxyphenyl)ethyl]-10-methyl-1-[3-(4-morpholinyl)propyl]-5-oxo-1,5-dihydro-2H-dipyrido[1,2-a:2',3'-d]pyrimidine-3-carboxamide","411834.860561554","1274190.75205006","1011772.47934914","4798.92202729852","4798.92202729852","4798.92202729852"
"2-isopentylquinoline-4-one","184922.07480307","246714.103072619","233005.93567559","4798.92202729852","4798.92202729852","4798.92202729852"
"2-Isopropylnaphthalene","4798.92202729852","4798.92202729852","4798.92202729852","268569.201062862","180179.047357855","230917.521389282"
"2-Methyl-2-propanyl [(14-amino-3,6,9,12-tetraoxatetradec-1-yl)oxy]carbamate","1048998.31945368","1360662.63235494","923845.662764814","483876.335215433","634448.799895147","442355.192418394"
"2-Methyl-2-propanyl 1,4,10-trioxa-7,13-diazacyclopentadecane-7-carboxylate","4798.92202729852","4798.92202729852","4798.92202729852","832462.863003147","844742.867332994","1191873.77758094"
"2-Methyl-2-propanyl 4-[(4-{[3-(dimethylamino)-2,2-dimethylpropyl]carbamoyl}-1-piperidinyl)carbonyl]-1-piperidinecarboxylate","4798.92202729852","4798.92202729852","4798.92202729852","1397392.62080381","1230491.07879214","1242176.0754815"
"2-methyl-2,4-hexadiene","533719.405924797","745471.231018975","617766.659641838","1016742.49338549","649339.201625061","1324994.42667455"
"2-methyl-2,5,6-bornantriol","208568.028657517","165147.268303934","185992.105529123","4798.92202729852","4798.92202729852","4798.92202729852"
"2-Methylserine","1065824.18541334","906602.637341162","846330.036474585","1037881.41107811","692273.354690098","887611.630550059"
"2-Oxo-3-piperidinecarbohydrazide","4798.92202729852","4798.92202729852","4798.92202729852","993139.573963169","1291169.98792717","1836896.56076998"
"2-Oxo-delta3-4_5_5-trimethylcyclopentenylacetate","445746.549352202","830710.058644629","453080.834239849","351354.715334833","288382.387701073","236546.75168266"
"2-Oxooctadecanoicacid","1218641.88860087","3648111.579966","1407253.08920256","2187487.8092971","1564042.28116046","2920506.29290753"
"2(alpha-D-Mannosyl)-D-glycerate","4798.92202729852","4798.92202729852","4798.92202729852","242285.353040154","183914.660209013","246154.898146722"
"2,10-dimethyl 4-hydroxy-6-oxo-4-undecen-7-yne","923071.987376216","1163218.68447635","150023.615155505","445254.516669946","296630.809114737","443717.164110633"
"2,2-Dinitro-1-propanol","533711.700765074","394926.63907277","207024.855467959","4798.92202729852","4798.92202729852","4798.92202729852"
"2,3-Dibromothianaphthene","346045.33929922","632598.936678551","229429.253503096","210240.330068143","138604.978508878","231553.949436727"
"2,3-Dinor-11β-prostaglandin F2α","1168049.208069","1483621.80647936","965736.153530939","973486.578723572","1414426.94642265","1016256.57590257"
"2,4,6-Trimethyl-1,3,5-benzenetriamine","4798.92202729852","4798.92202729852","4798.92202729852","1151144.54831547","857063.508355388","1113492.9893716"
"2,6-di-tert-butyl-4-ethylphenol","518358.171003167","604856.284194418","447994.753445197","762896.674606844","659923.157059521","922782.583811637"
"2_5-Dioxopiperazine","3254736.27139151","2503883.28334496","3417393.74402966","4798.92202729852","4798.92202729852","4798.92202729852"
"3-(1-Boc-4-piperidyl)-1-propanol","7080465.64874107","10314585.6651189","1971827.85919078","3116410.72838766","4333696.90980239","6207261.29090123"
"3-(1H-Tetrazol-1-yl)benzohydrazide","1507360.94802616","1492702.95463016","1737064.17288218","1474471.60970889","1659450.49768929","1410455.34919822"
"3-(2-CHLOROETHYL)-2,4(1H,3H)-QUINAZOLINEDIONE","322175.894079795","372900.889686988","390738.866583479","1028797.0030422","1006521.04499163","977706.267436685"
"3-(2’-acetoxy-3’- oxo-4’-methylpentyl)-indole","145648.456414221","188533.500966926","194178.545438162","4798.92202729852","4798.92202729852","4798.92202729852"
"3-(3_4-Dihydroxypyridin-1-yl)-L-alanine","726346.899557548","1167265.91500017","744167.329015017","4798.92202729852","4798.92202729852","4798.92202729852"
"3-Amino-3-(4-hydroxyphenyl)propanoate","961975.268795178","36914.4746038074","23994.6101364926","4798.92202729852","4798.92202729852","4798.92202729852"
"3-amino-4,5,6-trihydroxy-2-methoxy-5-methyl-2-cyclohexen-1-one","19029668.6254458","12619565.8318169","17637964.081255","4826385.04706024","7124667.16757543","9059620.32176016"
"3-Amino-N-(3,4-dimethoxybenzyl)-6-methyl-4-(trifluoromethyl)-5,6,7,8-tetrahydrothieno[2,3-b]quinoline-2-carboxamide","926543.983283363","850722.940772262","919333.573443728","4798.92202729852","4798.92202729852","4798.92202729852"
"3-Dehydrocarnitine","4798.92202729852","4798.92202729852","4798.92202729852","423813.188318226","494119.05338265","616611.487141329"
"3-Dehydroxycarnitine","8313172.67838223","15906785.6040217","8307814.84130674","6430383.88968337","5164922.76800369","6747275.19405742"
"3-deoxyaureosurfactin","4798.92202729852","4798.92202729852","4798.92202729852","256902.671738714","203137.735563939","308997.034287548"
"3-Ethyl-1-heptyne","4798.92202729852","4798.92202729852","4798.92202729852","231150.11707199","270003.456289199","540069.097000998"
"3-Ethyl-o-xylene","206740.933897091","293886.872436908","226487.383104878","4798.92202729852","4798.92202729852","4798.92202729852"
"3-hydroxy-1H-quinolin-4-one","645512.849447604","979859.736711693","580902.139089045","4798.92202729852","4798.92202729852","4798.92202729852"
"3-hydroxy-2-methyl-1H-quinolin-4-one","1152880.70267753","1660912.0962841","1146365.07024152","1146825.10367014","980038.708091068","1244666.57535805"
"3-hydroxy-2-N-iso-butyryl-anthranilamide","4798.92202729852","4798.92202729852","4798.92202729852","1469979.92168654","1105154.38911518","987259.385683914"
"3-Hydroxyaminophenol","890571.483520476","1219881.86340357","1048749.55911915","1369963.82761817","1273387.76812306","1437383.13137172"
"3-Methoxytyramine","139768.169991843","275644.040585763","158024.795866763","191611.594659106","210013.191646635","183357.815787384"
"3-Methyl-1-(2_4_6-trihydroxyphenyl)butan-1-one","95832.2993020669","160747.837503886","104331.8559054","4798.92202729852","4798.92202729852","4798.92202729852"
"3-Methylbutyl 3,4-dinitro-1H-pyrazole-5-carboxylate","619664.704783392","835077.962839846","792382.902311368","4798.92202729852","4798.92202729852","4798.92202729852"
"3,11-dihydroxy-6,8-dimethyldodecanoic acid","4798.92202729852","4798.92202729852","4798.92202729852","205199.007288398","166837.780647102","284364.46080611"
"3,5-BIS(TRIFLUOROMETHYL)-1-PHENYLPYRAZOLE","2226438.45751828","2075630.33211184","2071382.67358576","2312714.47321984","2142167.79719719","2175848.65318622"
"3,5-Difluoro-4-(tributylstannyl)pyridine","589962.03913112","589430.908157929","599471.530355412","541905.337078141","548293.930718616","552835.88216855"
"3_4-Dihydroxy-L-phenylalanine(L-Dopa)","1049826.69633159","883126.301098642","837387.917315778","4798.92202729852","4798.92202729852","4798.92202729852"
"4'-ethyl-1,1'-bi(cyclohexyl)-4-one","379884.217265362","477499.75419153","394561.392557304","526839.031259315","448107.130714184","593153.804643771"
"4-(1-piperazinylcarbonyl)morpholine","80805.8329311082","214864.414538174","126340.973191109","4798.92202729852","4798.92202729852","4798.92202729852"
"4-(4-Aminobenzyl)-N-ethylaniline","4798.92202729852","4798.92202729852","4798.92202729852","344591.138763402","354928.29986776","413177.280346834"
"4-(4-fluorophenyl)-2-(4-hydroxyphenyl)-5-(4-pyridyl)imidazole","3253711.28039674","3181654.31111092","3340389.3095481","3158373.245088","3075748.56020397","3040476.7825676"
"4-{[1,3-Dihydroxy-2-(hydroxymethyl)-2-propanyl]amino}-1-butanesulfonic acid","318103.275951649","333779.190603956","327565.649290018","318661.419618426","340679.265530681","302679.432611636"
"4-Amino-2-[bis(2-methoxyethyl)amino]butanoic acid","2904878.42229131","6586444.55019339","2659502.44005143","3317611.60623618","2710588.50023425","2940643.5399724"
"4-Amino-5-hydroxymethyl-2-methylpyrimidine","4798.92202729852","4798.92202729852","4798.92202729852","901556.657640013","1202224.63264418","1592975.31964446"
"4-Cyanotetrafluoropyridine","1660004.11386469","1330391.19131487","666824.432353568","345021.458780321","4310864.40797402","1952918.30506831"
"4-epi-8α-hydroxy-15-epi-brefeldin C","238989.287152576","208584.51496458","256136.413842095","4798.92202729852","4798.92202729852","4798.92202729852"
"4-Guanidinobutanoate","4798.92202729852","4798.92202729852","4798.92202729852","437400.625571233","249507.075170252","343131.219405404"
"4-Heptyloxyaniline","1317924.37059269","1756898.35202594","214739.746277775","485251.795252828","330209.721451898","494461.326551502"
"4-Hydroxy-1,8-epi-isotenerone","4798.92202729852","4798.92202729852","4798.92202729852","306195.403250647","359598.025907355","279193.321645384"
"4-Hydroxycinnamoylmethane","4798.92202729852","4798.92202729852","4798.92202729852","1288339.5559159","1690359.89126821","2085648.09703727"
"4-N-OCTYLSTYRENE","4798.92202729852","4798.92202729852","4798.92202729852","88231.9716056042","61190.1880818053","113034.632456752"
"4-Nonanoylmorpholine","3853116.84864259","4924104.06586985","623525.577328313","1763993.49054803","1216459.43271492","1996319.93481431"
"4-Oxohex-1,6-diyl diacetate","4798.92202729852","4798.92202729852","4798.92202729852","3370543.19844447","3106466.89442016","3039558.56586047"
"5-(2-Azepanyl)quinoline","4798.92202729852","4798.92202729852","4798.92202729852","153104.087397529","156655.761780232","183735.249665513"
"5-Cyclopropyl-1-[3-(trifluoromethyl)phenyl]-1H-1,2,3-triazole-4-carboxylic acid","4798.92202729852","4798.92202729852","4798.92202729852","932285.964867052","853799.182855492","820285.730625089"
"5-Ethyl-1H-pyrazole-3,4-diamine","4798.92202729852","4798.92202729852","4798.92202729852","462746.781903686","449055.217202209","585985.193338423"
"5-Guanidino-2-oxopentanoate","11131969.6484751","13309532.6420797","9230182.66386865","11007600.7490567","5958461.34276915","9501775.22709909"
"5-hydroxy-1-(3-methyl-3-buten-1-ynyl)-7-oxabicyclo[4.1.0]hept-3-en-2-one","4798.92202729852","4798.92202729852","4798.92202729852","253584.941640005","240103.456202437","470203.643113919"
"5-Methyl-N,N'-bis[1-([1,2,4]triazolo[4,3-a]pyridin-3-yl)ethyl]-2,4-pyrimidinediamine","4798.92202729852","4798.92202729852","4798.92202729852","187206.585762237","113528.944860051","230547.098394749"
"5,8,11,14-Tetraoxa-2-azaheptadecan-17-oic acid","445423.739955614","542151.811095444","434143.790990443","532779.882756986","432617.048284885","446683.460876014"
"5K8XI641G3","4798.92202729852","4798.92202729852","4798.92202729852","596411.644718017","523754.46270893","642007.83594582"
"6-Acetamido-3-aminohexanoate","2846988.82899614","3154691.41942594","2370838.67454185","4798.92202729852","4798.92202729852","4798.92202729852"
"6-formylsalicylic acid","181981.17147055","294232.5808904","150423.775911067","4798.92202729852","4798.92202729852","4798.92202729852"
"6-heptyl-2H-pyran-2-one","921209.671543568","1157179.67668854","1131822.23973763","188369.255623997","191069.370000357","267205.626150757"
"6,7-DIETHYL-1,1,4,4-TETRAMETHYLTETRALINE","445884.167121159","987710.236132045","740988.765301968","1584526.77880127","1189315.27639994","2047302.5855954"
"7-amino-4-oxo-3-(propan-2-yl)-1H,4H-pyrazolo[3,2-c][1,2,4]triazine-8-carbonitrile","502048.898234357","540432.217855595","551162.704256066","4798.92202729852","4798.92202729852","4798.92202729852"
"7-chloro-2-methylindene","411568.513344717","414454.704120352","422758.837550987","385003.638200019","370061.60207818","356808.258465825"
"8-(4'-O-methyl-α-rhamnopyranosyloxy)-2-methyquinoline","256032.524147107","330300.218634417","273064.481737344","4798.92202729852","4798.92202729852","4798.92202729852"
"8-(4-Ethyl-1-piperazinyl)-3-methyl-7-(2-methyl-2-propen-1-yl)-3,7-dihydro-1H-purine-2,6-dione","766912.532125943","1001556.21097266","769520.452181314","4798.92202729852","4798.92202729852","4798.92202729852"
"8-{[2-(Diethylamino)ethyl]amino}-3-methyl-7-(2-methyl-2-propen-1-yl)-3,7-dihydro-1H-purine-2,6-dione","2216713.74942831","3441431.92693823","2561172.18953883","2607172.92803455","2773447.79794729","2991113.58544104"
"8-Amino-7-oxononanoate","1044733.19385645","2111526.62122087","992203.759638819","1385723.20083111","961935.843654647","1264553.40468374"
"8-Methoxymethyl-3-isobutyl-1-methylxanthine","4798.92202729852","4798.92202729852","4798.92202729852","840209.867168068","1074117.91900961","1399120.10651242"
"9-epi-sacrolide A","295917.525344964","366950.973868418","277597.88373353","4798.92202729852","4798.92202729852","4798.92202729852"
"9-Fluorobenzo[h][1,6]naphthyridine-5-carbonitrile","6780443.65611409","6777475.3365404","6823984.0114727","6935385.44371326","6838146.7231828","6803533.53318317"
"Acetic acid, [(methylsulfonyl)hydrazono]-","4798.92202729852","4798.92202729852","4798.92202729852","77940.1746070184","1498607.92449969","459107.705688867"
"Acetyl-L-carnitine","4798.92202729852","4798.92202729852","4798.92202729852","32293372.2412365","28595501.2901871","35886614.5871397"
"Acetyl hexamethyl tetralin","789435.095312951","987380.161039046","765490.748301384","783952.73399678","845201.380988587","796652.187025945"
"Adenosine","9110455.5022192","11288129.6912347","11291953.2621392","4798.92202729852","4798.92202729852","4798.92202729852"
"Ala-Pro(Alanyl-Proline)","318999.250209902","417457.120531427","253978.455513947","4798.92202729852","4798.92202729852","4798.92202729852"
"Alaremycin","3801112.27445936","5376455.89858225","3447180.02646382","1533131.92926109","1448130.46886847","1791967.70919724"
"Aleuritic Acid","431114.477219345","444086.833874011","337637.508124745","223722.887903688","151303.414877744","268717.650725147"
"Alkyldihydropyrone B","4798.92202729852","4798.92202729852","4798.92202729852","385467.198596431","352062.897906654","348416.476028128"
"Allahabadolactone A","958953.529139867","1190804.91750141","774022.811250135","807915.948700092","1123279.48564008","826082.03568434"
"allopurinol","6008591.35189205","9034491.58528466","5809594.72628432","3424519.92206861","2644726.66525488","3835252.69794569"
"Allyl 3-O-benzyl-2-O-(chloroacetyl)-6-deoxy-alpha-L-mannopyranoside","116621.39088825","174469.252305524","106337.814568884","106201.106669323","98781.3511553935","94840.9598370557"
"Alnustone","4798.92202729852","4798.92202729852","4798.92202729852","81875.8947644896","74627.3705197681","68179.150843292"
"alpha-Curcumene","212907.029124741","260697.885154101","237626.598145903","4798.92202729852","4798.92202729852","4798.92202729852"
"Alternaphenol B","123774.599246201","158240.33762408","114078.607661211","115745.279550734","96095.4563788794","119247.4227612"
"AminoDHQ","1959121.08698403","2054794.5335787","3181063.45446646","1913004.44024641","2545717.65163642","1868033.1585158"
"Antrodin D","562968.018407336","668744.322637012","575458.165618099","1769325.75978619","1152938.82698558","2538097.04896958"
"Asenjonamide B","214356.747277572","267995.912067127","45227.4296188325","4798.92202729852","4798.92202729852","4798.92202729852"
"Asenjonamide C","3842668.46032335","7396844.84446127","4375808.76369982","28130865.3966982","24139477.7842127","26936837.045294"
"Atransfusarin","291463.421050044","519298.285051096","268147.013123691","277215.912626181","277175.110089609","360654.241143588"
"Benzyl(2R_3S)-2-methyl-3-hydroxybutanoate","231069.807374838","268854.054038532","272045.299794234","4798.92202729852","4798.92202729852","4798.92202729852"
"Benzylamine","558751.972189263","921546.982345924","581819.937741003","2085221.54799333","2315056.72280451","2840684.87800421"
"Besarhanamide B","387620.611610995","447940.763300273","502775.344608105","1134002.33979509","869196.12111117","1140710.78409081"
"Beta-Alanine","1757715.29065422","1498913.02619187","1474071.95947968","2427161.55936229","1428525.33092323","1543003.48520364"
"Betaine","372716955.599922","614433993.2741","362447181.587097","358791722.708432","308032238.444286","356923234.427613"
"Boc-NH-PEG4-CH2CH2NH2","4798.92202729852","4798.92202729852","4798.92202729852","1232953.31282086","1133745.74458603","1281181.91768812"
"BOC-ORN(BOC)-OH","4798.92202729852","4798.92202729852","4798.92202729852","1046021.75238663","1183776.97822673","972234.23728799"
"Brocaeloid C","4798.92202729852","4798.92202729852","4798.92202729852","472830.327743771","700700.397729901","517801.762347203"
"Butylbutyrate","1336021.9159589","1966280.50221171","2007875.67028612","775419.587606883","1264245.30681941","1492134.4534827"
"Butyryl-L-carnitine","1023310.31533322","2895431.28440962","1193708.01735036","1273229.04157998","1034342.06840694","1411486.92245724"
"C10H11N3OP2","4798.92202729852","4798.92202729852","4798.92202729852","391894.511625747","404531.706559769","401450.886322948"
"C10H20N5O2P","65446.6329357615","92035.8300642969","87582.0935033501","4798.92202729852","4798.92202729852","4798.92202729852"
"C10H21N2O6P","4798.92202729852","4798.92202729852","4798.92202729852","9931030.96917679","9578050.1886691","9810516.7819389"
"C10H21P3","4798.92202729852","4798.92202729852","4798.92202729852","2333026.31084848","2229212.92005484","1784145.97166237"
"C10H27N4P","4798.92202729852","4798.92202729852","4798.92202729852","285018.01541096","229024.777177707","286841.153645892"
"C11H15N4O3P","4798.92202729852","4798.92202729852","4798.92202729852","193646.184865287","153195.442050025","152724.218353884"
"C11H17O2PS","4798.92202729852","4798.92202729852","4798.92202729852","1837263.82125648","1900582.65142894","2229547.88002728"
"C11H21N8O5P","49844.6871436818","67745.3231551947","54324.1423724645","4798.92202729852","4798.92202729852","4798.92202729852"
"C11H29N4OP","125861.146559322","170623.494275587","162253.057959668","4798.92202729852","4798.92202729852","4798.92202729852"
"C12H14N10","4798.92202729852","4798.92202729852","4798.92202729852","101921.375973213","72237.6821971823","143261.568560237"
"C12H23N4O2P","11315797.6763219","16476379.7382836","11366707.3311347","13493278.5011255","12617390.9454727","11495625.6425761"
"C12H23P3","1239912.13750898","1257761.16356445","1264739.73785246","4798.92202729852","4798.92202729852","4798.92202729852"
"C12H25N4P","70854.0180838279","126781.601044026","80838.8190203651","288678.948218562","317203.17861705","277630.11555712"
"C12H27N4OP","294069.117724307","412945.767131161","217902.485058174","351424.616704077","374547.312669661","339960.187239025"
"C12H27N4P","4798.92202729852","4798.92202729852","4798.92202729852","121611.405611253","130755.988904337","131143.899479156"
"C12H29N4O2P","539571.362702664","729628.072106649","634992.908560112","733577.465058612","706835.381982285","919004.125656007"
"C12H29N4OP","4798.92202729852","4798.92202729852","4798.92202729852","261005.098936049","257388.498149009","325159.281800054"
"C12H29N4P","4798.92202729852","4798.92202729852","4798.92202729852","286193.010183607","270684.786479683","304435.495825331"
"C12H31N4O2P","4798.92202729852","4798.92202729852","4798.92202729852","785539.085918795","648006.737178243","909038.450660783"
"C12H31N4O3P","4798.92202729852","4798.92202729852","4798.92202729852","196741.237104765","333363.525419973","246385.773576356"
"C12H31N4OP","4798.92202729852","4798.92202729852","4798.92202729852","443948.262198109","322115.114284349","429592.176431178"
"C13H25N4O2PS","239952.6111552","275766.735506425","236260.813792519","267646.833061792","238311.923283487","279548.666187219"
"C14-Carnitine","537517.780151988","659591.289484606","750956.439876519","1104967.08094547","843061.086493804","1157538.21260553"
"C14H26N5O2P","182762.638421633","229500.136315788","227032.355537464","4798.92202729852","4798.92202729852","4798.92202729852"
"C14H28N5O2P","310288.306597126","394258.318359676","398598.653943898","4798.92202729852","4798.92202729852","4798.92202729852"
"C14H31N4OP","113005.861236608","216607.309859436","181371.770664072","4798.92202729852","4798.92202729852","4798.92202729852"
"C15H35P3","251528.684537386","343566.604826813","287011.41197274","4798.92202729852","4798.92202729852","4798.92202729852"
"C15H37N4O2P","369793.726139032","488243.442510703","601654.153348743","183694.568470063","138620.725261235","199844.03931169"
"C16H31O6P","86085.6573923932","123804.957755194","89745.0461839464","4798.92202729852","4798.92202729852","4798.92202729852"
"C17H35OP3","89583.273952513","125056.245900312","89845.8476054594","4798.92202729852","4798.92202729852","4798.92202729852"
"C17H37P3","273102.221498497","422753.733687735","337774.229662244","4798.92202729852","4798.92202729852","4798.92202729852"
"C17H39P3","4798.92202729852","4798.92202729852","4798.92202729852","1251298.75275046","1189387.24281082","1260953.45113585"
"C18H30NOPS","95010.6512862622","134942.54761169","91990.8536317422","4798.92202729852","4798.92202729852","4798.92202729852"
"C18H32N2P2S","105519.487258622","123994.447383691","119452.451617079","4798.92202729852","4798.92202729852","4798.92202729852"
"C18H37NO5","706215.203952275","926125.817207768","989900.448413184","366092.686018525","322944.797609032","562252.52203548"
"C18H43N6OP","4798.92202729852","4798.92202729852","4798.92202729852","111642.937449308","91674.5157578679","94704.3513805333"
"C18H45N4O3P3","4798.92202729852","4798.92202729852","4798.92202729852","3926.26466498453","48160.8539994463","46806.1042010169"
"C20H36O2P2","45050.5499592518","48051.6322725034","34647.905463492","4798.92202729852","4798.92202729852","4798.92202729852"
"C23H48O8","4798.92202729852","4798.92202729852","4798.92202729852","645487.847680728","553917.868959263","603807.691296262"
"C24H32S","4798.92202729852","4798.92202729852","4798.92202729852","255004.557646798","260055.992562256","344882.571974816"
"C26H51N5O4","308078.014645325","350363.284239801","313087.896760738","319224.892635927","205492.616865826","280404.634059746"
"C28H52NP3","277300.032089941","376582.220894208","346054.813345517","4798.92202729852","4798.92202729852","4798.92202729852"
"C29H35N10OP","122452.524006115","179682.76021892","162696.444648391","4798.92202729852","4798.92202729852","4798.92202729852"
"C2H2O13P2","83097.6797191061","107439.926693029","94132.8566000161","4798.92202729852","4798.92202729852","4798.92202729852"
"C30H52NP3","4798.92202729852","4798.92202729852","4798.92202729852","190311.448901856","158711.248814522","189337.061567266"
"C33H61NO2P2","97105.3858247051","97206.2922420744","103241.460172378","4798.92202729852","4798.92202729852","4798.92202729852"
"C3H11N8PS","2327211.77241021","2118872.61041746","2261817.91488027","2511930.60189527","2349457.50572737","2312395.21261223"
"C3HO7P3S","360462.423003711","571916.858466207","234693.067910763","234381.329610631","134405.90209661","215331.781128765"
"C4H11N8O6P","1542981.23681057","1383525.77439313","1378357.32436963","4798.92202729852","4798.92202729852","4798.92202729852"
"C4H14N6O13","4798.92202729852","4798.92202729852","4798.92202729852","275879.658537597","247851.743310738","226259.686230422"
"C4H9N5O6","4798.92202729852","4798.92202729852","4798.92202729852","368751.242532889","347801.093190958","361096.028922148"
"C5H11ClN8O5","4798.92202729852","4798.92202729852","4798.92202729852","342566.303884407","312077.535670685","310530.711327329"
"C5H13N5OS2","381721.820298","372186.369475818","353782.766845863","4798.92202729852","4798.92202729852","4798.92202729852"
"C5H13N8O5P","1149610.53112525","1127187.04328935","1206145.25719074","1823561.63223265","1682671.79255375","1777019.09023007"
"C5H16N2O6P2","412634.741729231","425723.955097793","431163.059431546","298391.442972938","425844.20529185","288339.806041584"
"C5H18N6O13","568735.981347873","527169.523412683","569155.838149396","974296.375458416","1009974.81384901","1024219.2764188"
"C5H18N9O6P","271569.526856404","235925.413738059","300315.286293105","4798.92202729852","4798.92202729852","4798.92202729852"
"C5H9ClN8O4","572259.432023984","538228.387883305","517275.313354725","601201.343527664","584534.779315265","557423.472193129"
"C6H10N10O2","4798.92202729852","4798.92202729852","4798.92202729852","682168.836985475","576695.371539985","786641.376265533"
"C6H15ClN8O5","447804.054600582","421607.508626539","475595.524661858","429452.324927442","428262.90401659","344780.644399097"
"C6H16N3P3","2543180.67567628","2366575.61862396","2322953.18744617","1561828.26212699","1481401.49199595","1435176.07948602"
"C6H16N6O4P2","2856784.81950904","2674399.91699091","2740387.542169","2941457.57387756","2798819.59816377","2777776.12797468"
"C6H21N7O5P2","443837.720573417","434426.825977869","422798.536459917","391507.602422796","399679.167651792","404770.807946128"
"C6H9NP2S","660020.354178692","802981.94772135","819087.982183483","4798.92202729852","4798.92202729852","4798.92202729852"
"C7H13N2O7P","733435.693045598","587185.880491354","410725.9347693","4798.92202729852","4798.92202729852","4798.92202729852"
"C7H16ClN2PS2","334914.997713452","275521.746546999","259334.818054342","152352.102853639","239374.986949099","209559.686617063"
"C7H21ClN4O6P2","230161.085959997","244765.307882885","250424.14303871","4798.92202729852","4798.92202729852","4798.92202729852"
"C8H14N10S2","3731602.09432294","3570538.83303709","4099730.7390618","1591120.42872852","1551530.12456616","1492638.48821269"
"C8H14NO4PS","432833.550456371","388119.987892852","368490.802832356","4798.92202729852","4798.92202729852","4798.92202729852"
"C8H22ClN9O5","478718.388303227","481938.403525711","547307.84713001","4798.92202729852","4798.92202729852","4798.92202729852"
"C8H23N4OP","4798.92202729852","4798.92202729852","4798.92202729852","137356.908086813","117876.181160609","150408.311095638"
"C9H15NO4P2","4798.92202729852","4798.92202729852","4798.92202729852","438418.768934039","385184.033095479","458681.084543882"
"C9H21NO8","4798.92202729852","4798.92202729852","4798.92202729852","1039917.8223718","909430.560825193","1080475.59835083"
"C9H24N6O5P2S","1085546.90202814","1045406.95923598","1123014.09244409","1195610.39562415","1071120.06426855","1058764.24443133"
"C9H25N4O3P","159003.826907841","221998.525678765","239063.583092662","4798.92202729852","4798.92202729852","4798.92202729852"
"C9H26N5O2P","143965.13547287","93465.5879077368","175380.618920253","158473.879731914","21261.1328754232","148315.881266262"
"C9H3N9O3","341110.211496572","301343.918495474","314411.176424531","4798.92202729852","4798.92202729852","4798.92202729852"
"C9H6","557330.966085367","745925.724565481","712858.154165087","4798.92202729852","4798.92202729852","4798.92202729852"
"C9H7N2O2P","531346.344527296","563979.140655454","552613.946635475","550296.680239875","549984.907072197","542859.017011608"
"Cadina-1(10),6,8-triene","186774.595224812","245741.290006764","260375.517428896","4798.92202729852","4798.92202729852","4798.92202729852"
"Cafestol","3074595.6935183","4124223.60819659","4757008.71545806","1374665.33173476","1478482.84536792","2458958.39389005"
"Capsidiol","4798.92202729852","4798.92202729852","4798.92202729852","650945.29107774","510037.594800043","715195.698296444"
"Catechol;1_2-Dihydroxybenzene","4798.92202729852","4798.92202729852","4798.92202729852","2012432.93735744","1934512.90117385","2224532.6277953"
"Cephalosporolide H","290927.725608544","355986.362051832","353405.433279434","4798.92202729852","4798.92202729852","4798.92202729852"
"Cephalosporolide J","782919.845321462","833176.038362237","778502.213279184","4798.92202729852","4798.92202729852","4798.92202729852"
"Cerulenin","416911.754687921","345693.18859684","474739.26754986","4798.92202729852","4798.92202729852","4798.92202729852"
"CH3NO5","1678406.73336551","1203394.23975654","617795.894408268","561171.305282777","1636422.48626285","6637969.09428616"
"CH4BrOPS3","35017.0745406716","45796.8049652781","24417.7972265961","4798.92202729852","4798.92202729852","4798.92202729852"
"Chaetomellic acid B","1716752.51018388","2123475.42387501","2410361.37820028","4282559.54812201","3410844.6690977","4583458.30116856"
"Choline","181549498.078226","243812374.116152","196070037.476569","4798.92202729852","4798.92202729852","4798.92202729852"
"Cinnamaldehyde","4798.92202729852","4798.92202729852","4798.92202729852","765821.240600912","629527.732926889","716205.915210953"
"Citreodiol","533524.826814818","732849.27990431","471526.691753743","1079022.32331525","1526483.1294452","811143.086082035"
"Civetone","128795.878903805","167954.077390104","159430.502373546","4798.92202729852","4798.92202729852","4798.92202729852"
"Communiol E","124405.020012023","117878.147284499","141716.170832727","4798.92202729852","4798.92202729852","4798.92202729852"
"Confluenine A","6379999.76509621","12938984.5958933","5372661.64180255","3108062.07271753","2220409.92435472","3028775.50977769"
"Coniferylalcohol","421511.668886068","460362.677050018","451200.436353453","4798.92202729852","4798.92202729852","4798.92202729852"
"Coumarin","207990.444493223","279453.725913746","164378.150886595","263516.975002617","193208.503304109","216452.650416772"
"Coumarone","399529.575753337","536544.005289971","344751.225699348","484279.043442145","360805.654421952","404708.823469265"
"Creatinine","2412309.85907647","4259085.87008466","2221283.82114529","4798.92202729852","4798.92202729852","4798.92202729852"
"Curvulide B2","43747.6565291687","80366.5884830588","57401.5252942555","4798.92202729852","4798.92202729852","4798.92202729852"
"Cyclo-(Ile-Ser)","6882291.19390132","7020495.06605415","6843311.99349406","4798.92202729852","4798.92202729852","4798.92202729852"
"Cyclocarbamide B","188318.672593126","254665.387056428","119901.489331018","4798.92202729852","4798.92202729852","4798.92202729852"
"CYCLOHEXYLPHENYLACETONITRILE","350122.145781992","329293.695105886","353309.797777063","368144.813577349","355850.499057452","350974.830160759"
"Cyclopentenone","4798.92202729852","4798.92202729852","4798.92202729852","2222152.96727903","2158725.73672203","2452239.26050394"
"Cytidine;1-beta-delta-Ribofuranosyl-Cytosine","537396.047356343","762778.341453681","569680.658515613","249700.708901809","220182.426555572","319935.692149286"
"Cytisine","3140103.82932553","4471058.31098413","2019228.27470138","188809.900296835","127001.268134657","129429.671727331"
"Cytosine","1523725.26858605","1705834.97521637","972138.821521902","1948271.00280726","1634152.62429183","528965.862281747"
"D-Arabinonate","7034198.7206327","6552483.5934604","7576188.08357792","7145444.55771413","7055260.99579438","6973753.6699689"
"D-Methionine","1084547.26585939","1469278.2380072","701275.143717792","4798.92202729852","4798.92202729852","4798.92202729852"
"D-Pipecolicacid","9258864.5189991","15953132.4651768","9023376.47355639","16605066.7730038","10167745.987567","13743952.0572032"
"D-Proline","79429463.9634145","116931512.115171","69948565.1833629","60235520.1119712","43371536.1657695","71760825.830839"
"D-Tryptophan","536961.237265652","645450.553163283","276061.33680832","431446.704561063","261255.597856704","320459.530076655"
"Damascenone","4798.92202729852","4798.92202729852","4798.92202729852","248257.780467214","158619.949529046","247120.363699324"
"Deanol","732020.056471327","1073902.1904741","889369.525303898","4798.92202729852","4798.92202729852","4798.92202729852"
"Deca-5,7,9-triynol","4798.92202729852","4798.92202729852","4798.92202729852","3738630.55305594","4652001.94460134","5867807.64911369"
"Decamethylcyclopentasiloxane","5746421.89175684","8722936.46228379","9455522.61389033","9257498.43743469","9054344.50932152","8864742.35633149"
"Decanophenone","234009.800735098","308155.010729612","261487.568896158","4798.92202729852","4798.92202729852","4798.92202729852"
"Decylbenzene","4798.92202729852","4798.92202729852","4798.92202729852","277541.109043957","173576.691969301","374244.401163991"
"Deoxynojirimycin","4798.92202729852","4798.92202729852","4798.92202729852","205867.532720439","204408.929332113","239825.076110295"
"Dicyclohexylamine","404649.809237058","833909.343558866","1643189.52705037","4798.92202729852","4798.92202729852","4798.92202729852"
"Drechslerine C","4798.92202729852","4798.92202729852","4798.92202729852","710809.702098517","536951.478955114","976210.990840123"
"Erucamide","2688005.33501435","3258847.91601623","1761751.27002503","4798.92202729852","4798.92202729852","4798.92202729852"
"Ethanolamine","863958.362483384","1249426.50419277","852879.506892529","739862.856957512","592090.112491378","804726.734195866"
"Ethyl 5-acetyl-2-amino-4-methyl-3-thiophenecarboxylate","4798.92202729852","4798.92202729852","4798.92202729852","280065.45390139","223667.706307557","453301.510097063"
"Ethyl 8-[4-(2,5-dihydro-1H-pyrrol-1-ylmethyl)phenyl]-8-oxooctanoate","1410739.09124474","1891551.35483918","1856218.42248988","4798.92202729852","4798.92202729852","4798.92202729852"
"ethyl 9,9-dimethoxynonanoate","51648.142289144","65680.0224910226","100638.029709792","4798.92202729852","4798.92202729852","4798.92202729852"
"ETHYL LAUROYL ARGINATE","3504932.80146622","3739718.80677003","3662932.65054416","3580481.5660115","3472255.30675113","3322066.80526308"
"Ethyl N-Boc-DL-nipecotate","327078.877153791","463361.852562502","343614.370178988","559720.599593708","409873.578117602","500998.324465543"
"Ethyl3-oxohexanoate","873700.647281184","1413503.18107093","1919322.38181523","659417.609956258","649297.889414075","724307.778828299"
"Etoglucid","128634.897403365","179279.184280679","186177.593747743","4798.92202729852","4798.92202729852","4798.92202729852"
"Etrogol","753567.913256369","826917.553939622","920952.234050545","4798.92202729852","4798.92202729852","4798.92202729852"
"Eudesm-4(15)","159186.850168806","225205.75061819","218738.188351647","4798.92202729852","4798.92202729852","4798.92202729852"
"forchlorfenuron","446392.302926327","452114.395670087","467694.226597106","438510.790523934","412823.823593341","452758.806990286"
"Gabaculine","4798.92202729852","4798.92202729852","4798.92202729852","333493.699778077","332881.390094921","297496.528556356"
"Geranylacetate","132673.277108137","149408.96588107","140115.047367328","671997.10163653","523509.730902355","838140.850208918"
"Glycerol","214941758.394368","294904953.928881","241103486.432563","4798.92202729852","4798.92202729852","4798.92202729852"
"Glycerol phenylbutyrate","4798.92202729852","4798.92202729852","4798.92202729852","609182.633701819","396978.480960635","1242837.76339742"
"Glycerophosphoglycerol","281339.35402703","175272.059292343","291686.065148451","4798.92202729852","4798.92202729852","4798.92202729852"
"GLYCERYL RICINOLEATE","218550.229608208","268967.480182974","330833.821078587","682232.897857099","510801.102680069","886063.289350115"
"GP1750000","4798.92202729852","4798.92202729852","4798.92202729852","66237.7749751812","60707.4663943226","92785.4176051816"
"Guanosine","3261205.42613564","4484769.9732346","3186407.54938381","1924059.77626212","1397168.4631183","1910456.23281586"
"Gymnamide","215432.652609203","276238.242911538","269980.765357566","4798.92202729852","4798.92202729852","4798.92202729852"
"Heptaethylene Glycol","73096.7623079266","67197.2245836395","61345.1840823434","4798.92202729852","4798.92202729852","4798.92202729852"
"Hexadeca-5,9-dienoic acid","1585557.41536965","1900918.46888371","1552193.18067092","3012199.72262351","2478663.0731417","3777816.09925543"
"Hexadecanedioic acid","4798.92202729852","4798.92202729852","4798.92202729852","242138.872258993","216951.032758608","308087.327596927"
"Hexadecanedioicacid;Thapsicacid","4798.92202729852","4798.92202729852","4798.92202729852","270843.719176323","154663.448064572","338186.529192035"
"Hypoxanthine","67352197.1751421","96704751.6522464","75516638.5843328","43710702.3018058","36576029.6293503","47151051.6823379"
"Icaridin","463348.348018882","739247.773559923","249150.765270531","231287.587835912","343070.930519812","576045.804208023"
"ID6475000","2701701.95995671","5125120.47285815","3292542.57901413","2568593.2167305","2281216.33006775","2341616.3091302"
"Ilanefuranone","72920.1126874575","389002.457010403","437138.530738063","4798.92202729852","4798.92202729852","4798.92202729852"
"Illudinine","276563.915202182","610045.050470781","617270.157761921","4798.92202729852","4798.92202729852","4798.92202729852"
"Indane","1849405.11682773","2850445.15734345","2260358.96243641","4798.92202729852","4798.92202729852","4798.92202729852"
"Indene","11849098.9208027","10710906.8466288","10134367.9693801","27135861.7398101","26078438.1283354","24990411.0316333"
"Indigo dye","4798.92202729852","4798.92202729852","4798.92202729852","310389.624298542","595081.030204366","305522.826025563"
"Indole;1-Benzazole","2873296.41939202","3663916.76400227","3089706.89743412","1544624.08005402","1221873.78640805","1429811.26057655"
"Indoleacrylicacid","260822.261450426","309711.732457614","153929.555577638","4798.92202729852","4798.92202729852","4798.92202729852"
"Indoline","3007690.81648871","4678105.98336618","1904298.92275066","4798.92202729852","4798.92202729852","4798.92202729852"
"Irlactin F","458707.410850168","491576.228199004","514817.192208819","4798.92202729852","4798.92202729852","4798.92202729852"
"Isocyanocyclohexane","4798.92202729852","4798.92202729852","4798.92202729852","778579.370766779","837730.958498402","1119781.42015662"
"Isoprene","1677780.32059748","1594862.32169106","2173256.89199279","643515.230663994","609076.796003678","1563637.63833768"
"Isoquinoline","321896.046804506","489151.660670026","335247.571582023","334518.359048569","289311.849354852","361471.027650351"
"Juniperic acid","4798.92202729852","4798.92202729852","4798.92202729852","129741.534612777","93517.2560912383","189836.677877395"
"Kirkamide","126384.482733092","274995.60980536","160295.438486476","4798.92202729852","4798.92202729852","4798.92202729852"
"L-Phenylalanine","8943661.24974627","13805857.4960352","5976848.56162889","884981.331888041","638293.487990636","717911.547289499"
"LAURIMINODIPROPIONIC ACID","781887.778058279","1064016.7860009","1087774.18235512","4798.92202729852","4798.92202729852","4798.92202729852"
"Laurolactam","4798.92202729852","4798.92202729852","4798.92202729852","353064.605762824","229897.499175722","354345.237337839"
"Laurophenone","1887996.07229678","2532583.82366112","1942882.85971396","3324683.52880871","2685771.20864036","3512985.09182447"
"Le-pyrrolopyrazine B","429989.278736878","383244.028193305","244093.571755912","4798.92202729852","4798.92202729852","4798.92202729852"
"Leptazoline B","6929377.06856264","6769173.38886322","6768570.21832445","7210823.01720903","6975808.98758616","6768815.05222676"
"Macquarimicin C","112754.783508805","144746.560911006","144271.91206646","4798.92202729852","4798.92202729852","4798.92202729852"
"Malyngic acid","430447.781003561","635191.078821955","659771.345157137","4798.92202729852","4798.92202729852","4798.92202729852"
"Malyngolide","1548449.09983985","1866119.73480322","1678450.8837132","2939514.75798689","2104994.79282652","3947459.26660901"
"Maniwamycin C","2067964.53266076","3681044.91247465","1754732.17440566","4798.92202729852","4798.92202729852","4798.92202729852"
"Maristachone B","8045269.56697484","12183566.4431307","7976474.4829899","9772521.73415927","6622571.45784822","8210455.90239947"
"mebutamate","3930901.62881855","6340802.64093741","3739038.40798567","2224420.22852874","1952402.43035382","2543349.22462584"
"melamine","38187394.7514957","40200652.8400058","40555668.0718725","38080712.4352488","37847263.9042366","36518146.177563"
"memantine","95464.3077547961","136638.622545884","26697.3513245949","4798.92202729852","4798.92202729852","4798.92202729852"
"Met-Leu","197683.48690807","447570.662531865","165571.397361697","4798.92202729852","4798.92202729852","4798.92202729852"
"methallylamine","5069101.81239646","6606013.54639125","4280692.32195208","4201623.79345412","2642011.39649727","3829186.61070472"
"Methyl 1-thio-D-glucopyranosiduronic acid","1000928.25700232","989126.204114128","1043686.91817381","4798.92202729852","4798.92202729852","4798.92202729852"
"Methyl b-neuraminic acid methyl ester","8167818.26560961","12467471.997949","7847782.85694096","3309314.19544229","2970699.36695856","4085461.48268095"
"Methyl diethanolamine","17254117.8532261","41876311.4781642","25144505.6849583","25726668.322487","16415371.3929413","21338901.9801243"
"Methylfarnesoate","3192113.45690189","4040378.79012675","3302895.95909388","1395340.50799111","1585495.67999735","1617789.80144387"
"MFCD00001109","104913.628685512","167487.012656901","104250.354374925","206566.119488178","216188.492447474","239616.209463086"
"MFCD00025555","2679390.25426385","5519230.50190795","3293792.87248352","4798.92202729852","4798.92202729852","4798.92202729852"
"MFCD00042968","95367.104394667","88871.9665406281","82000.0873836728","87611.9369586587","100882.95413874","85612.6436553187"
"MFCD00046712","1106559.37982033","1347176.45646228","1627197.75781853","388758.943422745","248223.26755591","556639.737537438"
"MFCD00056652","70700.3934450561","77572.6160327006","101442.436173879","4798.92202729852","4798.92202729852","4798.92202729852"
"MFCD00134159","719926.618846782","930060.090482563","912702.061302146","4798.92202729852","4798.92202729852","4798.92202729852"
"MFCD00144215","1389936.87893674","1370641.1287325","1464631.86833681","1464904.15031013","1379991.06757176","1406101.27613136"
"MFCD00270409","2697823.46267637","3042748.24337999","4159097.25562012","5630103.65004842","4315999.97637946","6740676.02032462"
"MFCD01320532","150365.163061048","194649.245748632","177944.098524628","4798.92202729852","4798.92202729852","4798.92202729852"
"MFCD03462230","169227.017254255","260126.819530064","240626.271957133","4798.92202729852","4798.92202729852","4798.92202729852"
"Monoelaidin","821473.38585646","1240100.7642384","1434055.95986675","856160.883175896","582685.623218874","1186853.92564437"
"Mucidone","187054.460592398","250668.089056514","197198.256814153","263310.845236466","274849.228064416","236234.539373871"
"mz_104.10667_&_RT_0.917","4798.92202729852","4798.92202729852","4798.92202729852","138673727.537293","143605945.267656","147174991.824855"
"mz_112.89545_&_RT_0.89","4798.92202729852","4798.92202729852","4798.92202729852","9448769.04537096","7184814.10371205","8979962.97434417"
"mz_112.8955_&_RT_0.753","10596778.8505758","16307489.9784169","9273185.56935031","4798.92202729852","4798.92202729852","4798.92202729852"
"mz_113.0342_&_RT_1.044","4798.92202729852","4798.92202729852","4798.92202729852","33660538.3023121","30205388.9338764","34520673.2209622"
"mz_122.92424_&_RT_0.883","4798.92202729852","4798.92202729852","4798.92202729852","1532123.98259323","1052101.51556065","1561545.80920299"
"mz_122.92428_&_RT_0.745","2278041.61373217","3484760.0394278","1626182.86177808","4798.92202729852","4798.92202729852","4798.92202729852"
"mz_125.98597_&_RT_0.859","4798.92202729852","4798.92202729852","4798.92202729852","609788.1281002","12310019.2792043","3728963.08581379"
"mz_125.98603_&_RT_0.724","2385388.40656997","2060526.86770903","975676.358251689","4798.92202729852","4798.92202729852","4798.92202729852"
"mz_128.01899_&_RT_0.859","4798.92202729852","4798.92202729852","4798.92202729852","179035.355599686","331794.013606399","1531392.65198507"
"mz_128.01901_&_RT_0.721","436983.64114115","299789.902716187","180017.336558025","4798.92202729852","4798.92202729852","4798.92202729852"
"mz_140.95104_&_RT_17.564","4798.92202729852","4798.92202729852","4798.92202729852","274189.746164223","313583.976374877","1134875.30417405"
"mz_170.85396_&_RT_0.892","4798.92202729852","4798.92202729852","4798.92202729852","258539.431191353","201798.133048974","230142.10278916"
"mz_170.85401_&_RT_0.755","272847.180444979","394703.053680107","253511.990624192","4798.92202729852","4798.92202729852","4798.92202729852"
"mz_185.10163_&_RT_0.815","8896910.39984925","13779450.9668653","10321793.870136","4798.92202729852","4798.92202729852","4798.92202729852"
"mz_185.10165_&_RT_0.95","4798.92202729852","4798.92202729852","4798.92202729852","7599174.51067941","8118125.61613515","9855797.78329997"
"mz_186.82788_&_RT_0.891","4798.92202729852","4798.92202729852","4798.92202729852","366994.786400739","278226.031570232","332254.335895573"
"mz_186.82794_&_RT_0.754","375758.84052346","616333.141387324","349288.123686112","4798.92202729852","4798.92202729852","4798.92202729852"
"mz_188.12752_&_RT_1.047","4798.92202729852","4798.92202729852","4798.92202729852","122793.874871215","141211.985156284","156707.300629196"
"mz_190.00044_&_RT_17.544","4798.92202729852","4798.92202729852","4798.92202729852","380649.04337699","423962.286659866","558842.298975135"
"mz_196.85676_&_RT_0.748","35835.5833057144","58956.1500808511","26499.7569110292","4798.92202729852","4798.92202729852","4798.92202729852"
"mz_206.88557_&_RT_0.743","277392.352521761","473514.360114384","174021.338674186","4798.92202729852","4798.92202729852","4798.92202729852"
"mz_212.14886_&_RT_0.89","744487.196068454","724503.241605359","752120.323894821","4798.92202729852","4798.92202729852","4798.92202729852"
"mz_243.18279_&_RT_0.915","4798.92202729852","4798.92202729852","4798.92202729852","317978.528811238","343823.952820023","276480.408437247"
"mz_243.18281_&_RT_0.776","95002.4077078786","553543.332757419","462291.223770897","4798.92202729852","4798.92202729852","4798.92202729852"
"mz_254.81502_&_RT_0.887","4798.92202729852","4798.92202729852","4798.92202729852","137801.172991847","89779.9088364492","109898.371435775"
"mz_254.81511_&_RT_0.749","170248.757336344","260237.769792412","115182.18484702","4798.92202729852","4798.92202729852","4798.92202729852"
"mz_262.75751_&_RT_0.891","4798.92202729852","4798.92202729852","4798.92202729852","276597.392262877","204027.10523421","259456.420166824"
"mz_262.75756_&_RT_0.754","289650.680872883","519994.309932484","257523.824452943","4798.92202729852","4798.92202729852","4798.92202729852"
"mz_264.84387_&_RT_0.884","4798.92202729852","4798.92202729852","4798.92202729852","249635.463632144","170629.077445741","230790.580147882"
"mz_264.84395_&_RT_0.746","383653.062666632","585848.007411982","226879.593961245","4798.92202729852","4798.92202729852","4798.92202729852"
"mz_280.81784_&_RT_0.746","128039.671737158","246462.737228903","91935.6821364034","4798.92202729852","4798.92202729852","4798.92202729852"
"mz_304.74191_&_RT_0.89","4798.92202729852","4798.92202729852","4798.92202729852","129053.066345466","87877.459836587","96350.560601018"
"mz_304.74202_&_RT_0.753","130680.690769709","169086.913603046","102964.97333411","4798.92202729852","4798.92202729852","4798.92202729852"
"mz_320.71587_&_RT_0.891","4798.92202729852","4798.92202729852","4798.92202729852","238477.323218591","170738.883001902","193296.679379448"
"mz_320.71599_&_RT_0.753","235397.398080051","387704.66884773","199082.294495117","4798.92202729852","4798.92202729852","4798.92202729852"
"mz_336.68972_&_RT_0.891","4798.92202729852","4798.92202729852","4798.92202729852","170343.708971421","126432.317371712","159505.691948512"
"mz_336.68978_&_RT_0.754","180399.940141392","345255.194871451","142921.76786455","4798.92202729852","4798.92202729852","4798.92202729852"
"mz_378.67424_&_RT_0.891","4798.92202729852","4798.92202729852","4798.92202729852","64891.1620819106","36779.3698918839","47218.6640466914"
"mz_378.67445_&_RT_0.753","58638.3885526132","79085.2942764502","47688.6312949563","4798.92202729852","4798.92202729852","4798.92202729852"
"mz_394.64831_&_RT_0.891","4798.92202729852","4798.92202729852","4798.92202729852","94556.8201830339","59175.4252137401","76233.9858055053"
"mz_394.6484_&_RT_0.754","93246.8889436455","154639.244275582","75909.5485557608","4798.92202729852","4798.92202729852","4798.92202729852"
"mz_410.62218_&_RT_0.891","4798.92202729852","4798.92202729852","4798.92202729852","42215.5612178509","30138.0779571265","46180.58203175"
"mz_410.62223_&_RT_0.754","45332.6687814631","99798.0478979165","39547.1440191313","4798.92202729852","4798.92202729852","4798.92202729852"
"mz_452.60672_&_RT_0.753","44613.143188185","63636.514537198","33916.9145088527","4798.92202729852","4798.92202729852","4798.92202729852"
"mz_468.58067_&_RT_0.891","4798.92202729852","4798.92202729852","4798.92202729852","45662.0148456555","29229.0498915449","45640.1203008898"
"mz_81.01419_&_RT_0.721","226510.977676858","196766.845410495","108876.314912277","4798.92202729852","4798.92202729852","4798.92202729852"
"mz_84.01125_&_RT_0.721","106354.782805266","77736.1579102062","41460.6584093946","4798.92202729852","4798.92202729852","4798.92202729852"
"mz_84.95949_&_RT_0.86","4798.92202729852","4798.92202729852","4798.92202729852","983763.381950709","19381453.2872809","5872106.20987387"
"mz_84.95954_&_RT_0.724","3755724.09405349","3393306.30478169","1542671.10926256","4798.92202729852","4798.92202729852","4798.92202729852"
"N'-(Chloroacetyl)-3-phenylpropanehydrazide","3500629.39122184","3378550.53000388","4010172.3014575","4798.92202729852","4798.92202729852","4798.92202729852"
"N-({2-[(Dimethylcarbamoyl)amino]ethyl}sulfamoyl)-N-methyl-beta-alanine","7422692.47809662","10378291.5775377","7671370.28654597","4798.92202729852","4798.92202729852","4798.92202729852"
"N-(2-Amino-2-oxoethyl)-N'-cyclododecylsuccinamide","12196486.1773873","12270521.7756391","12223918.8250349","8533072.24037921","7991378.6196396","7486857.96743563"
"N-(2-Hexyl-4-oxo-3(4H)-quinazolinyl)-4-hydroxy-1-isobutyl-2-oxo-1,2,5,6,7,8-hexahydro-3-quinolinecarboxamide","4798.92202729852","4798.92202729852","4798.92202729852","780735.676472503","467093.928773225","470165.433826978"
"N-(3-{[(Cyclohexylcarbonyl)amino]methyl}-3,5,5-trimethylcyclohexyl)cyclohexanecarboxamide","103403.323175852","91429.3965325565","83011.1456573388","4798.92202729852","4798.92202729852","4798.92202729852"
"N-(5-Methyl-1,2-oxazol-3-yl)-4-[(phenylcarbamoyl)amino]benzenesulfonamide","386730.136071658","353759.710069226","395631.172758972","1274062.25854178","1249738.46896708","1284948.67259925"
"N-(6-Aminohexanoyl)-6-aminohexanoate","11100614.410035","16644531.5902394","6311403.89560705","1960770.61580744","1440482.63846692","2074816.10768966"
"N-[(1-Methyl-1H-pyrrol-2-yl)methyl]-2-[1-(1H-tetrazol-1-ylmethyl)cyclohexyl]acetamide","4798.92202729852","4798.92202729852","4798.92202729852","376418.295720122","363061.976292186","702139.982096873"
"N-[1-(4,5-Dimethyl-2-oxido-1,3,2-dioxaphospholan-2-yl)cyclohexyl]-4H-1,2,4-triazol-4-amine","4798.92202729852","4798.92202729852","4798.92202729852","953026.868333711","671021.039617745","728683.679668699"
"N-[2-(1-hydroxy-4-methylpentyl)]acetamide","3573079.51901325","6479491.87017376","3707895.39094868","2517558.37428371","2245151.89115021","2812129.54374206"
"N-[3-(4,4-Dimethyl-2,5-dioxo-1-imidazolidinyl)-2-hydroxypropyl]-N-(3-nitrophenyl)benzenesulfonamide","2279254.33412022","2220229.91679029","2400923.43296042","2410439.22906626","2503403.59969852","2325724.08613677"
"N-[3-(Diethylamino)propyl]-2-(1,3-dimethyl-2,6-dioxo-1,2,3,6-tetrahydro-7H-purin-7-yl)acetamide","4798.92202729852","4798.92202729852","4798.92202729852","992109.639234956","1198030.86574838","998043.14073062"
"N-Acetyl-beta-D-galactosamine","4119324.31076298","5710148.56133788","3971308.67368214","1565094.83307192","1437576.43182782","1732785.40013382"
"N-Acetyl-L-carnosine","4798.92202729852","4798.92202729852","4798.92202729852","1809378.92648426","898221.638429423","1811418.04355239"
"n-Amylbenzene","234936.44295073","323469.882869658","210942.159828133","275548.297878783","264680.879877658","322551.502276957"
"N-Cyano-4-(1H-tetrazol-1-yl)benzamide","4798.92202729852","4798.92202729852","4798.92202729852","112572.658246404","108196.527121928","117850.526696326"
"N-Cyclopropyl-2-(3-oxo-2-piperazinyl)acetamide","460890.174315123","643916.145147678","344587.275809788","237732.397596236","151494.057759445","200874.419658249"
"N-fumaryl-L-alanine dimethyl ester","1617984.76569126","1049838.05758351","1628610.08902112","956172.728906307","1037765.22950212","1296570.99573087"
"N-Hydroxy-4-aminobiphenyl","4798.92202729852","4798.92202729852","4798.92202729852","112682.05370209","197004.67026923","284812.888994979"
"N-lauroylglycine","151572.803892804","222123.439511131","157777.962183575","4798.92202729852","4798.92202729852","4798.92202729852"
"N-Methyl-2-[5-(4-morpholinylmethyl)-1H-tetrazol-1-yl]-N-[2-(tetrahydro-2H-pyran-2-yl)ethyl]acetamide","1315394.35150353","2278487.02452878","2896482.47754912","4798.92202729852","4798.92202729852","4798.92202729852"
"N-Methyl-p-toluenesulfonamide","4798.92202729852","4798.92202729852","4798.92202729852","175518.958871943","195204.783719912","216269.035486245"
"N-Tridecanoylglycine","207296.546108293","286426.296760477","63135.0415157192","78567.706676651","130062.045032047","190864.711908201"
"N,N'-1,2-Ethanediylbis{2-[(1-methyl-1H-tetrazol-5-yl)sulfanyl]acetamide}","908853.0646593","885121.364313259","912742.882138557","4798.92202729852","4798.92202729852","4798.92202729852"
"N,N'-Propylenebisnonanamide","61814.0462142655","61992.1047997984","57581.5065106505","56473.770124706","57958.4531944905","56519.2251472332"
"N,N,N',N'-Tetraethyl-P-(1-methyl-1H-imidazol-2-yl)phosphonic diamide","72082.8524525804","91950.8601252754","53425.5835762729","151219.05295907","189136.012112881","152052.940605414"
"N,N,N',N'-Tetrakis(2-methoxyethyl)malonamide","4798.92202729852","4798.92202729852","4798.92202729852","2921258.12518156","3162759.77134135","3085399.19608467"
"N2-(D-1-Carboxyethyl)-L-lysine","1811491.81995472","2185903.05210121","1690589.44732238","926149.98236536","695882.204212627","1006978.40517166"
"N5-(L-1-Carboxyethyl)-L-ornithine","243885.23174368","225541.590013345","206388.268364511","4798.92202729852","4798.92202729852","4798.92202729852"
"Naphthalene","5947478.54782088","5813247.19668043","5881941.32117082","5847690.66908985","5452767.30562745","9934128.88648058"
"Neovasipyridone D","92781.8398424413","134681.932800176","123265.510924466","4798.92202729852","4798.92202729852","4798.92202729852"
"Neuraminicacid","4798.92202729852","4798.92202729852","4798.92202729852","6805972.63481419","7872353.19624913","7054302.0692319"
"Nicotinicacid","26533922.4534757","46803469.7521765","27669020.390534","17506171.9741491","15824661.6449292","19918263.5754406"
"Nicotinuricacid","4798.92202729852","4798.92202729852","4798.92202729852","1410919.02938788","804804.401489716","1515077.05233075"
"Nitrilotripropionamide","5112681.84197688","8681200.82854713","5325820.04400179","5911133.46059412","5092860.86427162","6352267.90244725"
"Not named","4890519.30310862","8757697.23183272","7807382.57588056","2064245.30365293","1015079.20606076","2219151.46472472"
"NP-002322","987328.447143356","493483.890558465","1254848.60009801","3677692.33749887","1395329.46890854","3866151.17101488"
"NP-015145","293756.273328856","512869.180757806","232521.849926541","105042.384347251","60551.4515270341","87226.0637372916"
"NP-020156","20417882.0385149","42445092.2748173","25302605.3075064","4798.92202729852","4798.92202729852","4798.92202729852"
"NQ8650000","500650.846214638","1974474.54851087","794015.676311568","4798.92202729852","4798.92202729852","4798.92202729852"
"Oleamide","950464.910151714","679018.370770634","781088.572962059","4798.92202729852","4798.92202729852","4798.92202729852"
"p-dicyclohexylbenzene","217036.133010504","309228.625404056","230747.210172199","372706.384192685","300689.218590363","378060.726778831"
"PALGLY","158962.804047126","178058.908028899","197716.990651268","4798.92202729852","4798.92202729852","4798.92202729852"
"Palmitoleicacid","3021974.17544925","3666634.9464604","3089384.13190877","8880019.02293209","6867674.64464083","13014336.3493176"
"Pantothenicacid(VitaminB5)","1040787.32781207","1794623.22712344","964435.346276527","974627.333700322","911175.550087273","1122470.22277554"
"Peniamidienone","1658968.01114565","2046114.69297034","2095799.47172582","4798.92202729852","4798.92202729852","4798.92202729852"
"Peniciginseng B","3347060.34502206","4224917.09027065","4918985.3913958","521370.713392217","561986.439241708","813728.263039449"
"Penicipyranone","450932.676770743","872290.162641117","609711.747213756","4798.92202729852","4798.92202729852","4798.92202729852"
"Penipacid B","1700444.72864289","2677720.64375799","1299331.16280453","643601.81820765","366372.33933245","674488.712583397"
"Pestarhamnose B","319593.116980179","572938.451483014","511293.635561877","311552.250850288","260633.85967549","498892.993020777"
"PF06273340","4798.92202729852","4798.92202729852","4798.92202729852","940296.675390633","904010.271713591","840422.474912721"
"Phenolicsteroid","120203.207075832","148952.891595881","119605.401829773","119065.281071862","137473.729597543","137399.002488584"
"Phloionolic acid","324541.088279621","436068.828212627","365094.788230849","1028450.90792134","766059.276965049","1180309.47078119"
"Phomolide D","301089.401011877","367944.598272807","389624.944694223","227056.91932591","325627.001027894","256145.998030073"
"Photopyrone G","186359.792932871","247582.633963248","263266.782203424","1038966.81285397","809046.319306301","1172234.96689431"
"Phytosphingosine","997332.572927619","2033513.3841677","1052444.99089037","1294011.34989976","812847.527854814","1770137.45942589"
"Pimprinol B","100174.58270258","126542.293865682","96604.0067193621","4798.92202729852","4798.92202729852","4798.92202729852"
"Piperidine","17104108.8376896","25589930.4746619","14681760.3885415","16004346.2550947","10888547.2881742","14574760.0261987"
"Prenyl-L-cysteine","4798.92202729852","4798.92202729852","4798.92202729852","1345528.81329094","628435.771737742","559549.104050878"
"Prolylleucine","800943.59594511","2170644.47190867","1041843.54236729","1383672.80712853","869322.852299489","1003423.64175098"
"Propafenone","408622.941530535","521341.869164455","489188.627601479","4798.92202729852","4798.92202729852","4798.92202729852"
"Propenzolate","103271.683848228","131448.475670596","132956.434852752","4798.92202729852","4798.92202729852","4798.92202729852"
"Propionylcarnitine","9779790.9073189","17366063.519734","10772341.1779123","8866746.77237264","6665611.54923427","7581395.45561826"
"Pseudopyronine A","2257908.71928497","2660214.67838128","2383811.88303906","1722254.92593772","1299820.8269615","2073091.93743738"
"Pseudouridine","1678030.6593847","2166123.91629019","1939491.6566406","199718.800784434","197976.562063369","254558.391663583"
"PsiAβ","1276946.35681864","1888133.67102773","1534115.78197742","1407988.55222364","1360156.1610852","1434301.07480891"
"Rhodostegone","371090.93900206","471850.004024321","396035.292175073","273134.486697635","320589.794498057","277317.907817649"
"S-Isopropyl thiosenecioate","54218305.8468371","54979509.8787653","55765619.2587257","55092919.2295272","53081837.75565","52192758.7306098"
"Sch 725674","4798.92202729852","4798.92202729852","4798.92202729852","200856.542417133","170082.930776187","205117.445785213"
"Secnidazole","341046.508422497","462454.043828725","326076.317445006","295735.575893203","227182.664267719","346362.353980156"
"sn-glycero-3-Phosphocholine","13195476.3156675","15055642.0415895","11192462.9201573","6379401.78699361","3465477.72612909","6139435.42173138"
"SN3570000","6549202.83931783","9039526.07858193","7237315.00910603","11116825.5076395","8118614.47387598","14561340.6631937"
"Solanapyrone K","4798.92202729852","4798.92202729852","4798.92202729852","27572.4553265743","26264.4442957071","32271.1458590751"
"Solanapyrone L","1693614.03444194","2312532.50454231","2296305.09807035","4798.92202729852","4798.92202729852","4798.92202729852"
"Speciosin H","4798.92202729852","4798.92202729852","4798.92202729852","785535.270422199","636697.83266721","1020863.10753604"
"Stachydrine","5148077.42670646","11299408.1626353","5322891.23799404","4798.92202729852","4798.92202729852","4798.92202729852"
"Staphyloamide B","813198.360889615","1178194.90755503","686276.054129659","4798.92202729852","4798.92202729852","4798.92202729852"
"Streptanoate","1860115.3543418","3721276.23365101","1872427.83595936","1586866.01997513","1161311.47395617","1472029.72943101"
"Streptoaminal‐9n","137629.840856207","148023.603347102","137757.54341139","4798.92202729852","4798.92202729852","4798.92202729852"
"Styrene","3903125.74845182","17644730.5673827","19218038.2885393","4798.92202729852","4798.92202729852","4798.92202729852"
"Succinic anhydride","2900247.30128935","3959261.35954031","2669008.77766847","4798.92202729852","4798.92202729852","4798.92202729852"
"Sulcatone","578865.127587778","834342.694144921","768333.450019813","4798.92202729852","4798.92202729852","4798.92202729852"
"Takinolide seco-acid","620710.922864396","741741.786131089","929161.256595329","4798.92202729852","4798.92202729852","4798.92202729852"
"Tanikolide","329460.035284317","362766.75325323","452659.119126303","102816.705907555","75892.8457999402","168352.035637269"
"Tanzawaic acid B","4381199.94533599","5915539.94251333","4436131.70666278","6429849.09263969","7202111.86257002","6451139.61592263"
"Tetrahydrothiophene","4798.92202729852","4798.92202729852","4798.92202729852","1375641.88576459","1117315.67881658","1180828.60605218"
"Thebaine","2639386.58413475","3184825.37267635","3440772.73768979","4798.92202729852","4798.92202729852","4798.92202729852"
"Thiomorpholine3-carboxylate","4798.92202729852","4798.92202729852","4798.92202729852","1499438.56524215","1083578.03315406","1524929.18999052"
"TO0110000","23550935.9022497","34515705.3060625","24527459.6463184","4798.92202729852","4798.92202729852","4798.92202729852"
"Tolycaine","3018884.00157898","4623934.26442516","2433626.27450744","1370626.91125933","957333.829779838","883785.065536241"
"Trans-9-hydroxy-3-methyl-8-oxo-dodec-trans-6-en-4-olide","198846.608377068","222709.584513101","208398.972606041","4798.92202729852","4798.92202729852","4798.92202729852"
"Trichodin A","309208.442956484","412482.267797566","408351.238576864","4798.92202729852","4798.92202729852","4798.92202729852"
"TRIETHYLENEGLYCOLDIACETATE","721168.902312403","671770.725846812","729431.31543771","273523.841249276","244750.063968226","240484.866291881"
"Trilostane","43902.4570409475","65070.5155104635","56576.7719027036","4798.92202729852","4798.92202729852","4798.92202729852"
"Uracil;2_4-Dihydroxypyrimidine","33865622.7755236","37999427.9140149","39396709.8621099","2566822.97239319","2317688.05574593","2540488.13065801"
"WY2635000","75455.6444299276","132942.71500673","56253.2249673029","55034.1477462067","42185.8279479459","54008.6444873835"
"Xanthine","14907641.7421507","18013727.0045564","14715467.6729214","10637800.5964936","8501681.8556951","10811376.1217677"
"Xanthurenic acid","108829278.96174","141360424.933049","110364749.675183","112486789.185702","106434520.213687","104374627.471246"
"Xenocyloin E","136306.258834882","198530.195369041","186230.812103105","4798.92202729852","4798.92202729852","4798.92202729852"
"Xylarinic acid A","4798.92202729852","4798.92202729852","4798.92202729852","780033.312773406","498535.945387114","999837.685345044"
"α-Eleostearic acid","2693454.5801245","3059740.2487972","2026569.7383266","3491691.54321678","3329490.54018222","4415885.73985064"
